2021.02.26 기준(장마감),005930,5969782550,5969782550,3278759165,96800,42300,21.48,3841,2020.12,16.00,5053,2.09,39406,2020.12,3.63
2021.02.26 기준(장마감),000660,728002365,728002365,368833024,149500,65800,35.90,3942,2020.09,13.00,10642,1.92,73800,2020.09,0.83
2021.02.26 기준(장마감),035420,164263395,164263395,94193658,405500,135000,74.66,5023,2020.09,39.00,9659,8.44,44439,2020.09,0.11
2021.02.26 기준(장마감),051910,70592343,70592343,31722451,1050000,230000,77.64,10703,2020.09,30.00,28045,3.50,237125,2020.09,1.20
2021.02.26 기준(장마감),005380,213668187,213668187,66409963,289000,65000,56.63,4185,2020.09,12.00,19491,0.89,265325,2020.09,1.27
2021.02.26 기준(장마감),207940,66165000,66165000,6933532,883000,352000,139.64,5371,2020.09,139.00,5404,11.03,67994,2020.09,0
2021.02.26 기준(장마감),006400,68764530,68764530,30263208,818000,180000,229.96,2931,2020.09,47.00,14199,3.58,188329,2020.09,0.15
2021.02.26 기준(장마감),035720,88678085,88678085,30371527,519000,127500,0,-901,2020.09,73.00,6673,6.55,74548,2020.09,0.03
2021.02.26 기준(장마감),068270,135027731,135027731,28791290,396240,136008,80.41,3700,2020.09,53.00,5655,12.54,23717,2020.09,0
2021.02.26 기준(장마감),000270,405363347,405363347,137386367,102000,21500,36.90,2152,2020.09,8.00,9516,1.10,72443,2020.09,1.26
2021.02.26 기준(장마감),012330,95054694,95054694,38228720,405000,126000,18.48,16398,2020.09,10.00,29300,0.85,354526,2020.09,1.32
2021.02.26 기준(장마감),005490,87186835,87186835,45301593,295500,133000,25.79,10917,2020.09,9.00,30334,0.50,566971,2020.09,2.84
2021.02.26 기준(장마감),096770,92465564,92465564,21414194,327500,55100,0,-26294,2020.09,92.00,2831,1.45,179631,2020.09,0
2021.02.26 기준(장마감),066570,163647814,163647814,52336739,193000,41600,31.82,4604,2020.09,11.00,13114,1.69,86845,2020.09,0.82
2021.02.26 기준(장마감),051900,15618197,15618197,7142238,1706000,1045000,33.90,44633,2020.09,29.00,51542,5.43,278466,2020.09,0.73
2021.02.26 기준(장마감),028260,186887081,186887081,27495292,160000,73500,20.36,5969,2020.09,19.00,6457,0.82,147844,2020.09,1.89
2021.02.26 기준(장마감),036570,21954022,21954022,11028973,1048000,504000,36.63,25556,2020.09,21.00,44285,6.01,155811,2020.09,0.91
2021.02.26 기준(장마감),017670,80745711,39565399,29220459,274500,164000,18.23,13580,2020.09,10.00,23645,0.76,327560,2020.09,4.04
2021.02.26 기준(장마감),034730,70360297,70360297,15265205,360500,102500,1107.59,237,2020.09,19.00,14004,0.77,342805,2020.09,2.67
2021.02.26 기준(장마감),105560,415807920,415807920,277220981,48450,25850,5.34,8198,2020.09,5.00,8920,0.41,105769,2020.09,4.04
2021.02.26 기준(장마감),055550,516599554,516599554,304964286,37850,21850,4.73,6973,2020.09,5.00,6931,0.40,82295,2020.09,0
2021.02.26 기준(장마감),003550,172557131,172557131,60361143,119000,44600,13.27,7074,2020.09,9.00,11004,0.80,116777,2020.09,2.66
2021.02.26 기준(장마감),018260,77377800,77377800,9314324,229500,132500,28.71,6774,2020.09,21.00,9138,2.27,85588,2020.09,1.23
2021.02.26 기준(장마감),032830,200000000,200000000,24842936,87400,31700,15.06,4979,2020.09,10.00,7828,0.36,210200,2020.09,3.33
2021.02.26 기준(장마감),015760,641964077,256785634,107612171,30050,15550,157.64,144,2020.09,19.00,1177,0.21,107071,2020.09,0
2021.02.26 기준(장마감),009150,74693696,74693696,26030718,223000,81700,24.35,7783,2020.12,17.00,10894,2.48,76406,2020.12,0.74
2021.02.26 기준(장마감),090430,58458490,58458490,19032771,254000,141500,377.01,622,2020.09,50.00,4723,3.55,66032,2020.09,0.34
2021.02.26 기준(장마감),003670,77463220,77463220,5712457,184500,30974,355.06,445,2020.09,112.00,1411,10.28,15365,2020.09,0.18
2021.02.26 기준(장마감),086790,300242062,300242062,202022481,40800,18450,4.53,8176,2020.09,4.00,9048,0.35,104821,2020.09,4.99
2021.02.26 기준(장마감),011170,34275419,34275419,9228601,331000,114500,94.00,3383,2020.09,10.00,33286,0.84,380745,2020.09,1.13
2021.02.26 기준(장마감),033780,137292497,137292497,54624090,89500,63000,10.94,7158,2020.09,9.00,8321,1.12,70129,2020.09,6.13
2021.02.26 기준(장마감),251270,85886499,85886499,20361600,204500,80000,50.02,2469,2020.09,30.00,4145,1.98,62399,2020.09,0.62
2021.02.26 기준(장마감),010950,112582792,112582792,86108924,91500,48450,0,-7458,2020.09,20.00,4152,1.78,47812,2020.09,0
2021.02.26 기준(장마감),326030,78313250,78313250,9234452,269500,98000,0,-1100,2019.12,0,0,20.87,5653,2019.12,0
2021.02.26 기준(장마감),018880,533800000,533800000,104945177,20200,8100,58.75,263,2020.09,22.00,708,3.85,4015,2020.09,2.07
2021.02.26 기준(장마감),000810,47374837,47374837,20875862,212000,117500,12.65,13677,2020.09,10.00,16730,0.48,357348,2020.09,5.09
2021.02.26 기준(장마감),034220,357815700,357815700,85515274,25350,8850,0,-6872,2020.09,9.00,2383,0.74,30549,2020.09,0
2021.02.26 기준(장마감),009540,70773116,70773116,11793458,124500,64200,370.86,302,2020.09,72.00,1550,0.68,164167,2020.09,0
2021.02.26 기준(장마감),010130,18870000,18870000,4309123,467000,276500,13.59,29683,2020.09,11.00,35181,1.04,389688,2020.09,3.72
2021.02.26 기준(장마감),352820,35623760,35623760,3242446,351000,141000,0,0,2019.12,43.00,4848,0,0,2019.12,0
2021.02.26 기준(장마감),086280,37500000,37500000,12294337,235000,70300,10.85,17793,2020.09,12.00,16069,1.47,131348,2020.09,1.81
2021.02.26 기준(장마감),009830,159864497,159864497,29077579,58740,9082,0,-541,2020.09,13.00,3467,1.24,36333,2020.09,0
2021.02.26 기준(장마감),316140,722267683,722267683,181458329,10750,6320,5.14,1865,2020.09,4.00,2303,0.30,31502,2020.09,0
2021.02.26 기준(장마감),030200,261111808,127944788,111659316,27350,17250,11.08,2347,2020.09,8.00,3074,0.45,57342,2020.09,5.19
2021.02.26 기준(장마감),011780,30467691,30467691,8513389,293500,43800,18.05,11687,2020.09,8.00,26993,2.02,104401,2020.09,0
2021.02.26 기준(장마감),011200,328011481,328011481,31152554,18450,2120,0,-310,2020.09,3.00,6030,3.67,5178,2020.09,0
2021.02.26 기준(장마감),024110,738664360,738664360,78475592,10150,5860,4.25,1958,2020.09,4.00,1971,0.28,29815,2020.09,0
2021.02.26 기준(장마감),097950,15054186,15054186,3680698,474000,148000,8.44,48157,2020.09,11.00,35504,1.17,346067,2020.09,0.98
2021.02.26 기준(장마감),006800,645316408,645316408,95448340,11100,3505,9.76,957,2020.09,9.00,1054,0.64,14496,2020.09,2.78
2021.02.26 기준(장마감),161390,123875069,123875069,51192642,54000,15050,22.93,2078,2020.09,10.00,4628,0.79,60301,2020.09,1.15
2021.02.26 기준(장마감),002790,82458180,82458180,16603794,67500,43500,228.62,283,2020.09,42.00,1528,1.77,36619,2020.09,0.35
2021.02.26 기준(장마감),004020,133445785,133445785,25535475,49550,12400,0,-1846,2020.09,21.00,1879,0.32,125533,2020.09,1.25
2021.02.26 기준(장마감),035250,213940500,213940500,47022997,26700,16000,0,-888,2020.09,54.00,451,1.49,16215,2020.09,0
2021.02.26 기준(장마감),032640,436611361,213939571,128850653,14250,9210,6.50,1815,2020.09,8.00,1531,0.68,17390,2020.09,3.81
2021.02.26 기준(장마감),271560,39536132,39536132,16802074,164500,87300,18.56,6924,2020.09,16.00,7926,2.78,46201,2020.09,0.58
2021.02.26 기준(장마감),003490,174209713,87087437,19570937,31950,8299,0,-3400,2020.09,1759.00,16,1.56,18093,2020.09,0
2021.02.26 기준(장마감),071050,55725992,55725992,17603536,96200,30000,7.99,10929,2020.09,6.00,15160,0.96,91165,2020.09,0
2021.02.26 기준(장마감),021240,73799619,73799619,44395098,93300,47200,13.37,4839,2020.09,11.00,6055,3.28,19700,2020.09,1.86
2021.02.26 기준(장마감),139480,27875819,27875819,8678660,191500,97300,8.44,20035,2020.09,14.00,12382,0.50,337167,2020.09,1.18
2021.02.26 기준(장마감),011070,23667107,23667107,7301035,238000,75700,36.08,5516,2020.09,9.00,21450,2.03,98037,2020.09,0.35
2021.02.26 기준(장마감),011790,37868298,37868298,3439758,143000,27700,52.15,2253,2020.09,32.00,3676,2.26,52064,2020.09,0.85
2021.02.26 기준(장마감),019170,52984990,52984990,5926825,214000,6510,821.57,102,2020.09,0,0,11.24,7454,2020.09,0.12
2021.02.26 기준(장마감),000720,111355765,111355765,21154848,46500,19150,19.41,2051,2020.09,10.00,3849,0.66,60646,2020.09,1.51
2021.02.26 기준(장마감),285130,11741396,11741396,2567782,467000,49100,17.20,21916,2020.09,0,0,4.96,76041,2020.09,0.53
2021.02.26 기준(장마감),006280,11686538,11686538,2292658,538000,97400,101.53,3728,2020.09,53.00,7128,3.93,96302,2020.09,0.40
2021.02.26 기준(장마감),008930,67304611,67304611,1123956,96600,18587,293.18,220,2020.09,0,0,6.60,9768,2020.09,0
2021.02.26 기준(장마감),000100,69972959,69972959,13760017,81000,35884,23.88,2596,2020.09,37.00,1691,2.19,28299,2020.09,0.62
2021.02.26 기준(장마감),267250,15798617,15798617,2767562,327500,160500,0,-3301,2020.09,70.00,3861,2.83,95497,2020.09,1.37
2021.02.26 기준(장마감),128940,12078282,12078282,1617623,427000,209618,0,-103,2020.09,82.00,4200,5.82,58954,2020.09,0
2021.02.26 기준(장마감),010140,630000000,630000000,96174415,7930,3070,0,-1983,2020.09,-26.00,-249,0.89,7335,2020.09,0
2021.02.26 기준(장마감),026960,99700000,99700000,4233462,44500,14150,29.06,1387,2020.09,0,0,2.91,13851,2020.09,1.74
2021.02.26 기준(장마감),180640,66262654,66262654,10244124,111000,38900,0,-6063,2020.09,0,0,4.17,14526,2020.09,0
2021.02.26 기준(장마감),034020,374637255,374637255,40792371,17700,2200,0,-4636,2020.09,0,0,1.59,6664,2020.09,0
2021.02.26 기준(장마감),029780,115858891,115858891,12532012,35700,22000,9.26,3557,2020.09,9.00,3551,0.50,66088,2020.09,5.46
2021.02.26 기준(장마감),000120,22812344,22812344,4853504,194500,110000,29.57,5547,2020.09,22.00,7440,0.96,170246,2020.09,0
2021.02.26 기준(장마감),078930,92915378,92915378,17402247,42050,30300,0,-922,2020.09,7.00,5937,0.43,90703,2020.09,4.87
2021.02.26 기준(장마감),004990,104909237,104909237,11785411,46650,20050,0,-6835,2020.09,14.00,2377,0.35,94716,2020.09,2.98
2021.02.26 기준(장마감),023530,28288755,28288755,3416835,126500,57800,0,-47402,2020.09,21.00,5596,0.32,366314,2020.09,2.36
2021.02.26 기준(장마감),003410,503859595,503859595,14438507,7420,4217,26.71,249,2020.09,20.00,331,1.95,3413,2020.09,6.62
2021.02.26 기준(장마감),039490,25922129,25922129,5982639,167500,50000,5.69,22659,2020.09,5.00,25894,1.23,105033,2020.09,0
2021.02.26 기준(장마감),336260,65493726,65493726,13000802,65400,3934,146.63,341,2020.09,173.00,289,20.35,2457,2020.09,0
2021.02.26 기준(장마감),016360,89300000,89300000,23556384,47250,20450,6.94,5267,2020.09,5.00,6685,0.63,58223,2020.09,6.02
2021.02.26 기준(장마감),241560,100249166,100249166,23143448,37100,13050,17.51,1848,2020.09,11.00,2841,0.78,41713,2020.09,0
2021.02.26 기준(장마감),047810,97475107,97475107,13958226,41000,16150,24.37,1358,2020.09,31.00,1065,2.60,12715,2020.09,0
2021.02.26 기준(장마감),020150,46110835,46110835,4120990,82300,21700,72.51,964,2020.09,67.00,1050,5.31,13170,2020.09,0
2021.02.26 기준(장마감),008770,39248121,39248121,7324992,90900,60700,0,-3295,2020.09,155.00,527,4.20,19444,2020.09,0.25
2021.02.26 기준(장마감),012750,37999178,37999178,21296487,104500,72000,21.84,3800,2020.09,0,0,2.07,40174,2020.09,3.01
2021.02.26 기준(장마감),006360,85280439,85280439,24349374,45200,14650,9.51,3822,2020.09,6.00,6547,0.70,51747,2020.09,3.30
2021.02.26 기준(장마감),028670,534569512,534569512,61497507,5970,2055,22.61,253,2020.09,16.00,351,1.01,5680,2020.09,0.87
2021.02.26 기준(장마감),005940,281408887,281408887,44464096,12900,6300,5.27,2058,2020.09,5.00,2182,0.56,19249,2020.09,0
2021.02.26 기준(장마감),010060,23849371,23849371,4924737,127500,26450,0,-30950,2020.09,18.00,7084,1.16,107869,2020.09,0
2021.02.26 기준(장마감),036460,92313000,27693901,8159703,35300,16450,0,-5436,2020.09,9.00,3677,0.37,86590,2020.09,0
2021.02.26 기준(장마감),204320,46957120,46957120,11636448,89000,16200,0,-1181,2020.09,14.00,4461,1.81,34515,2020.09,0
2021.02.26 기준(장마감),005830,70800000,70800000,28592549,54600,23750,5.27,7850,2020.09,5.00,7787,0.38,109727,2020.09,5.31
2021.02.26 기준(장마감),007070,77000000,77000000,11480825,44900,25100,16.50,2194,2020.09,17.00,2134,1.23,29520,2020.09,2.49
2021.02.26 기준(장마감),088350,868530000,868530000,62195149,3665,881,12.19,263,2020.09,11.00,280,0.17,18434,2020.09,0.94
2021.02.26 기준(장마감),014680,11335195,11335195,4536101,255000,63800,23.48,10393,2020.09,18.00,13782,5.00,48786,2020.09,0.74
2021.02.26 기준(장마감),047050,123375149,123375149,11135879,25400,8640,12.33,1813,2020.09,10.00,2334,0.86,25908,2020.09,3.13
2021.02.26 기준(장마감),282330,17283906,17283906,5616889,181000,105500,21.00,7570,2020.09,17.00,9208,4.09,38910,2020.09,1.51
2021.02.26 기준(장마감),042660,107290669,107290669,9956660,30700,10850,15.66,1625,2020.09,8.00,3001,0.68,37566,2020.09,0
2021.02.26 기준(장마감),001040,29176998,29176998,5548963,118500,52300,15.40,6020,2020.09,10.00,9540,0.65,142604,2020.09,2.16
2021.02.26 기준(장마감),004170,9845181,9845181,2451811,283000,199000,0,-31123,2020.09,14.00,19155,0.78,343130,2020.09,0.56
2021.02.26 기준(장마감),008560,675961727,675961727,92847032,4055,2020,4.71,799,2020.09,6.00,655,0.61,6204,2020.09,8.51
2021.02.26 기준(장마감),028050,196000000,196000000,48269640,14800,6910,9.90,1303,2020.09,8.00,1572,1.62,7942,2020.09,0
2021.02.26 기준(장마감),000990,44398588,44398588,9063835,74300,14500,15.22,3706,2020.09,0,0,3.13,17994,2020.09,0.62
2021.02.26 기준(장마감),047040,415622638,415622638,36398106,6700,2250,12.68,463,2020.09,6.00,1055,0.91,6438,2020.09,0
2021.02.26 기준(장마감),081660,60752222,60752222,28593587,48550,18850,13.49,2966,2020.09,10.00,4192,1.75,22900,2020.09,0.48
2021.02.26 기준(장마감),000080,70133611,70133611,5116253,47050,21150,32.37,1058,2020.09,20.00,1692,2.19,15609,2020.09,0
2021.02.26 기준(장마감),006650,6500000,6500000,1418167,405500,60600,26.61,13661,2020.09,9.00,38728,1.22,298140,2020.09,0
2021.02.26 기준(장마감),009240,23533928,23533928,5426346,123500,46000,34.94,2848,2020.09,26.00,3880,2.92,34065,2020.09,1.21
2021.02.26 기준(장마감),272210,110230389,110230389,3824041,22850,4670,29.75,706,2019.12,31.00,686,2.34,8978,2019.12,1.10
2021.02.26 기준(장마감),006260,32200000,32200000,4684999,80000,24050,0,-72,2020.09,11.00,6533,0.60,116525,2020.09,2.07
2021.02.26 기준(장마감),030000,115041225,115041225,37892185,23050,11550,16.48,1180,2020.09,14.00,1421,2.05,9506,2020.09,4.32
2021.02.26 기준(장마감),000880,74958735,74958735,14898292,37600,11850,11.96,2454,2020.09,6.00,4700,0.54,54354,2020.09,2.38
2021.02.26 기준(장마감),010620,39942149,39942149,5390872,58100,20150,46.47,1162,2020.09,34.00,1584,0.91,59115,2020.09,0
2021.02.26 기준(장마감),375500,19358738,19358738,4397498,136000,103500,0,0,,0,0,0,0,,0
2021.02.26 기준(장마감),007700,15400000,15400000,1569107,156000,79900,24.57,5657,2020.09,18.00,7917,4.24,32799,2020.09,0
2021.02.26 기준(장마감),064350,109142293,109142293,5539048,24250,8730,0,-1761,2020.09,46.00,424,1.58,12404,2020.09,0
2021.02.26 기준(장마감),003090,58141980,58141980,3158710,86700,6470,42.11,868,2020.09,0,0,2.40,15248,2020.09,0
2021.02.26 기준(장마감),011210,27195083,27195083,2965651,108500,19850,16.66,4628,2020.09,17.00,4479,0.64,120437,2020.09,0.91
2021.02.26 기준(장마감),007310,3671981,3671981,605528,627000,402000,18.92,29596,2020.09,14.00,39488,1.39,401831,2020.09,1.43
2021.02.26 기준(장마감),001450,89400000,89400000,31980962,28000,16600,5.37,4075,2020.09,5.00,4001,0.35,63157,2020.09,4.57
2021.02.26 기준(장마감),185750,11426099,11426099,1409441,273774,58093,20.29,8429,2020.09,0,0,3.57,47895,2020.09,0
2021.02.26 기준(장마감),138930,325935246,325935246,128384288,6380,3565,4.00,1474,2020.09,3.00,1735,0.22,26771,2020.09,5.42
2021.02.26 기준(장마감),069960,23402441,23402441,3480429,85300,52600,16.80,4881,2020.09,10.00,7877,0.43,192456,2020.09,1.22
2021.02.26 기준(장마감),012450,50630000,50630000,9361282,46650,14850,25.88,1426,2020.09,13.00,2740,0.74,50024,2020.09,0.81
2021.02.26 기준(장마감),111770,44311468,44311468,10957968,42000,16200,11.36,3696,2020.09,10.00,4101,0.93,45125,2020.09,0
2021.02.26 기준(장마감),003000,64837978,64837978,3100933,42537,11331,13925.00,2,2020.09,0,0,6.92,4022,2020.09,0.33
2021.02.26 기준(장마감),002380,8886471,8886471,1053064,226500,106000,0,-315,2020.09,0,0,0.37,542803,2020.09,2.86
2021.02.26 기준(장마감),294870,65907330,65907330,6859579,32250,12000,6.65,4030,2020.09,5.00,5633,0.66,40352,2020.09,2.24
2021.02.26 기준(장마감),017800,40815191,40815191,11103634,52800,24208,19.30,2233,2020.09,13.00,3324,1.78,24203,2020.09,0
2021.02.26 기준(장마감),005250,47028210,47028210,2746827,56300,14600,35.07,1058,2020.09,0,0,2.13,17448,2020.09,1.35
2021.02.26 기준(장마감),010120,30000000,30000000,4096775,79200,25550,22.16,2595,2020.09,14.00,4162,1.21,47563,2020.09,1.91
2021.02.26 기준(장마감),042670,216185809,216185809,13094372,10550,2500,10.14,775,2020.09,7.00,1149,0.67,11650,2020.09,0
2021.02.26 기준(장마감),004800,21071025,21071025,1872490,95000,48800,0,-2133,2020.09,0,0,0.71,112329,2020.09,6.24
2021.02.26 기준(장마감),004370,6082642,6082642,1013529,401500,233000,12.34,22289,2020.09,14.00,19395,0.78,351889,2020.09,1.46
2021.02.26 기준(장마감),010780,30892606,30892606,1607766,59300,15550,12.95,4148,2020.09,9.00,6028,1.39,38578,2020.09,0
2021.02.26 기준(장마감),000240,93020173,93020173,8442549,23400,7400,14.40,1198,2020.09,13.00,1374,0.47,36684,2020.09,2.03
2021.02.26 기준(장마감),069620,11586575,11586575,529598,286500,63200,0,-143,2020.09,0,0,2.75,49193,2020.09,0
2021.02.26 기준(장마감),112610,21085715,21085715,1919295,108000,7710,50.49,1434,2020.09,34.00,2106,5.57,13002,2020.09,0.65
2021.02.26 기준(장마감),032350,69275662,69275662,3475051,21650,6800,0,-681,2020.09,0,0,5.48,3967,2020.09,0
2021.02.26 기준(장마감),120110,26978840,26978840,4191509,59000,20300,9.85,5585,2020.09,13.00,4306,0.76,72011,2020.09,1.82
2021.02.26 기준(장마감),001740,248187647,248187647,29378623,5950,3820,0,-231,2020.09,22.00,254,0.57,9754,2020.09,2.16
2021.02.26 기준(장마감),004000,25800000,25800000,5880003,66500,23550,8.05,6631,2020.09,9.00,6237,0.86,62116,2020.09,2.81
2021.02.26 기준(장마감),031430,7140000,7140000,261856,220000,134000,30.01,6315,2020.09,21.00,8992,2.20,86264,2020.09,0.58
2021.02.26 기준(장마감),013890,14406749,14406749,3252897,112000,39000,18.85,4955,2020.09,0,0,2.93,31826,2020.09,0.86
2021.02.26 기준(장마감),000210,15441262,15441262,4685340,97500,43328,4.58,18894,2020.09,0,0,0.51,169000,2020.09,1.50
2021.02.26 기준(장마감),161890,22881180,22881180,6551709,59900,30450,41.37,1390,2020.09,20.00,2821,2.63,21825,2020.09,0
2021.02.26 기준(장마감),014820,25618511,25618511,408244,63400,13100,28.47,1760,2020.09,0,0,2.66,18845,2020.09,1.20
2021.02.26 기준(장마감),004490,14000000,14000000,3452708,146500,22300,17.09,5279,2020.09,0,0,1.10,82357,2020.09,0.55
2021.02.26 기준(장마감),006120,19037855,19037855,1923537,91600,15400,4.29,15229,2020.09,0,0,0.69,94360,2020.09,1.53
2021.02.26 기준(장마감),214320,20000000,20000000,6020047,70400,41300,19.25,3211,2020.09,15.00,4033,1.60,38672,2020.09,2.91
2021.02.26 기준(장마감),051600,45000000,45000000,4650949,34450,24500,9.97,2694,2020.09,8.00,3177,1.17,22983,2020.09,0
2021.02.26 기준(장마감),016380,100008897,100008897,111341,21300,4950,14.44,824,2020.09,0,0,1.26,9462,2020.09,0.84
2021.02.26 기준(장마감),003520,182892731,182892731,8073264,12800,3530,0,-4,2020.09,0,0,9.98,646,2020.09,0
2021.02.26 기준(장마감),009420,52240638,52240638,3464634,41950,14650,58.49,377,2020.09,58.00,381,6.71,3285,2020.09,0
2021.02.26 기준(장마감),000670,1842040,1842040,87611,660000,382000,6.16,100629,2020.09,0,0,0.32,1959363,2020.09,0
2021.02.26 기준(장마감),073240,287260287,287260287,15205164,4280,2585,0,-349,2020.09,0,0,0.96,4124,2020.09,0
2021.02.26 기준(장마감),003850,52120000,52120000,3561677,30100,7686,38.44,558,2020.09,34.00,633,3.14,6838,2020.09,0.43
2021.02.26 기준(장마감),020560,74411764,37198441,14606365,29714,9705,0,-11565,2020.09,-7.00,-2211,2.21,6708,2020.09,0
2021.02.26 기준(장마감),001120,38760000,38760000,9549584,30000,6590,7.44,3670,2020.09,11.00,2422,0.71,38555,2020.09,1.47
2021.02.26 기준(장마감),192820,10049509,10049509,2347361,127500,60000,25.87,4040,2020.09,26.00,4042,2.86,36511,2020.09,0
2021.02.26 기준(장마감),003240,1113400,1113400,85910,1038000,487000,10.11,93173,2020.09,0,0,0.24,3976576,2020.09,0
2021.02.26 기준(장마감),005300,8975123,8975123,930023,132500,78900,0,-9751,2020.09,19.00,5963,0.77,149063,2020.09,0
2021.02.26 기준(장마감),103140,28024278,28024278,3616972,39700,13500,22.28,1643,2020.09,10.00,3670,0.73,50330,2020.09,1.64
2021.02.26 기준(장마감),192080,18374502,18374502,2442081,85800,35400,9.48,5832,2020.09,7.00,7495,1.36,40763,2020.09,0.63
2021.02.26 기준(장마감),007570,19085664,19085664,1596081,106500,19700,96.12,541,2020.09,0,0,4.68,11121,2020.09,0.23
2021.02.26 기준(장마감),114090,61855670,61855670,3983991,18150,10750,0,-215,2020.09,-46.00,-348,1.89,8420,2020.09,0
2021.02.26 기준(장마감),079160,35100000,35100000,2043430,30350,12608,0,-18557,2020.09,-7.00,-3811,7.14,3923,2020.09,0
2021.02.26 기준(장마감),057050,12000000,5880000,3524247,88400,42300,10.61,7494,2020.09,6.00,12874,0.50,157495,2020.09,2.77
2021.02.26 기준(장마감),069260,40878588,40878588,3624989,27650,12100,19.42,1179,2020.09,11.00,2136,1.32,17352,2020.09,4.37
2021.02.26 기준(장마감),241590,60545435,60545435,2776650,16000,7750,22.01,702,2020.09,26.00,591,1.82,8497,2020.09,0
2021.02.26 기준(장마감),093370,92606819,92606819,4926928,14000,4600,0,-55,2020.09,0,0,4.35,2324,2020.09,0
2021.02.26 기준(장마감),064960,14623136,14623136,3450582,81600,23900,16.84,3723,2020.12,11.00,5831,1.13,55310,2020.12,2.55
2021.02.26 기준(장마감),020000,24630000,24630000,7115367,39650,15900,11.26,3300,2020.09,10.00,3847,0.75,49598,2020.09,1.21
2021.02.26 기준(장마감),284740,22437330,22437330,1245532,48750,24000,11.84,3426,2020.09,0,0,1.85,21937,2020.09,0
2021.02.26 기준(장마감),192400,7112437,7112437,411639,125000,58900,8.74,14536,2020.09,0,0,1.06,119584,2020.09,0
2021.02.26 기준(장마감),005440,97704482,97704482,10762715,9990,4815,21.27,426,2020.09,0,0,0.45,20075,2020.09,2.32
2021.02.26 기준(장마감),071840,23607712,23607712,2740059,45250,11050,0,-3112,2020.09,8.00,4832,0.44,84414,2020.09,3.20
2021.02.26 기준(장마감),001680,34648025,34648025,5458040,30300,13150,5.97,4180,2020.09,7.00,3474,0.81,30643,2020.09,0
2021.02.26 기준(장마감),001800,62645422,62645422,4051952,15150,10400,12.35,1113,2020.09,0,0,0.42,32821,2020.09,4.73
2021.02.26 기준(장마감),001230,95432737,95432737,25336336,9560,2780,0,-570,2020.09,0,0,0.41,21689,2020.09,2.22
2021.02.26 기준(장마감),105630,40000000,40000000,3298174,21900,6810,126.38,163,2020.09,12.00,1739,1.92,10729,2020.09,2.43
2021.02.26 기준(장마감),002350,97667877,97667877,6807620,8520,3815,56.13,150,2020.09,10.00,816,0.56,14976,2020.09,0
2021.02.26 기준(장마감),079550,22000000,22000000,1481357,47050,15600,25.45,1454,2020.09,12.00,3047,1.22,30362,2020.09,2.43
2021.02.26 기준(장마감),115390,53007638,53007638,38245808,14750,6420,59.68,248,2020.09,0,0,1.14,12931,2020.09,0
2021.02.26 기준(장마감),000150,16523835,16523835,1194685,66700,25700,9.50,4908,2020.09,0,0,0.50,93908,2020.09,4.29
2021.02.26 기준(장마감),049770,3859124,3859124,247107,225000,127000,10.68,18539,2020.09,9.00,21345,1.04,190221,2020.09,1.77
2021.02.26 기준(장마감),000070,8564271,8564271,661862,121500,32250,17.82,4793,2020.09,0,0,0.45,188938,2020.09,2.63
2021.02.26 기준(장마감),018250,26409935,26409935,548083,29200,18500,35.12,726,2020.09,30.00,862,2.02,12609,2020.09,0.78
2021.02.26 기준(장마감),052690,38220000,38220000,1036215,20500,12800,27.87,628,2020.09,0,0,1.37,12750,2020.09,0
2021.02.26 기준(장마감),003230,7533015,7533015,591480,140000,68200,8.61,10119,2020.09,8.00,10461,1.93,45029,2020.09,0.92
2021.02.26 기준(장마감),012630,59741721,59741721,12840757,12750,6800,6.19,1768,2020.09,0,0,0.27,40345,2020.09,0
2021.02.26 기준(장마감),006390,16821290,16821290,49111,43850,15800,12.74,3037,2020.09,0,0,2.90,13342,2020.09,2.84
2021.02.26 기준(장마감),108670,8967670,8967670,1717257,102000,30350,20.61,3470,2020.09,13.00,5346,0.73,97816,2020.09,0.42
2021.02.26 기준(장마감),001060,21539926,21539926,1198378,44632,17891,0,-1378,2020.09,0,0,3.06,9516,2020.09,1.08
2021.02.26 기준(장마감),005610,8629009,8629009,205199,79100,39950,0,-1525,2020.09,15.00,4883,1.92,37037,2020.09,0
2021.02.26 기준(장마감),005180,9851241,9851241,2512220,80500,35050,11.45,5084,2020.09,0,0,0.85,68587,2020.09,0
2021.02.26 기준(장마감),145990,10313449,10313449,477327,76500,23050,9.57,5726,2020.09,0,0,0.48,115104,2020.09,2.28
2021.02.26 기준(장마감),009410,38899098,38899098,4079517,13950,4064,1.53,7723,2020.09,0,0,0.77,15418,2020.09,2.74
2021.02.26 기준(장마감),008350,110179090,110179090,6392109,7980,2920,42.50,98,2020.09,0,0,2.44,1708,2020.09,0
2021.03.02 기준(장마감),005930,5969782550,5969782550,3267967616,96800,42300,21.77,3841,2020.12,17.00,5053,2.12,39406,2020.12,3.58
2021.03.02 기준(장마감),000660,728002365,728002365,366224163,149500,65800,36.66,3942,2020.09,14.00,10642,1.96,73800,2020.09,0.81
2021.03.02 기준(장마감),051910,70592343,70592343,31564627,1050000,230000,83.25,10703,2020.09,32.00,28045,3.76,237125,2020.09,1.12
2021.03.02 기준(장마감),035420,164263395,164263395,94088775,405500,135000,75.15,5023,2020.09,39.00,9659,8.49,44439,2020.09,0.11
2021.03.02 기준(장마감),005380,213668187,213668187,65957269,289000,65000,57.11,4185,2020.09,12.00,19491,0.90,265325,2020.09,1.25
2021.03.02 기준(장마감),207940,66165000,66165000,6932220,883000,352000,140.20,5371,2020.09,139.00,5404,11.07,67994,2020.09,0
2021.03.02 기준(장마감),006400,68764530,68764530,30168554,818000,180000,233.37,2931,2020.09,48.00,14199,3.63,188329,2020.09,0.15
2021.03.02 기준(장마감),035720,88678085,88678085,29907172,519000,127500,0,-901,2020.09,74.00,6673,6.59,74548,2020.09,0.03
2021.03.02 기준(장마감),068270,135027731,135027731,28606158,396240,136008,78.78,3700,2020.09,52.00,5655,12.29,23717,2020.09,0
2021.03.02 기준(장마감),000270,405363347,405363347,136267785,102000,21500,37.22,2152,2020.09,8.00,9516,1.11,72443,2020.09,1.25
2021.03.02 기준(장마감),012330,94793094,94793094,38101899,405000,126000,18.81,16398,2020.09,11.00,29300,0.87,354526,2020.09,1.30
2021.03.02 기준(장마감),005490,87186835,87186835,45310475,295500,133000,26.11,10917,2020.09,9.00,30334,0.50,566971,2020.09,2.81
2021.03.02 기준(장마감),096770,92465564,92465564,21336758,327500,55100,0,-26294,2020.09,94.00,2831,1.48,179631,2020.09,0
2021.03.02 기준(장마감),066570,163647814,163647814,52118159,193000,41600,32.36,4604,2020.09,11.00,13114,1.72,86845,2020.09,0.81
2021.03.02 기준(장마감),051900,15618197,15618197,7128083,1706000,1045000,33.72,44633,2020.09,29.00,51542,5.40,278466,2020.09,0.73
2021.03.02 기준(장마감),028260,186887081,186887081,27469350,160000,73500,20.52,5969,2020.09,19.00,6457,0.83,147844,2020.09,1.88
2021.03.02 기준(장마감),036570,21954022,21954022,10996578,1048000,504000,37.02,25556,2020.09,21.00,44285,6.07,155811,2020.09,0.90
2021.03.02 기준(장마감),017670,80745711,39565399,29228378,274500,164000,18.23,13580,2020.09,10.00,23645,0.76,327560,2020.09,4.04
2021.03.02 기준(장마감),034730,70360297,70360297,15124878,360500,102500,1156.12,237,2020.09,20.00,14004,0.80,342805,2020.09,2.56
2021.03.02 기준(장마감),105560,415807920,415807920,277146733,48450,25850,5.43,8198,2020.09,5.00,8920,0.42,105769,2020.09,3.98
2021.03.02 기준(장마감),055550,516599554,516599554,304132078,37850,21850,4.77,6973,2020.09,5.00,6931,0.40,82295,2020.09,0
2021.03.02 기준(장마감),003550,172557131,172557131,60439139,119000,44600,13.19,7074,2020.09,8.00,11004,0.80,116777,2020.09,2.68
2021.03.02 기준(장마감),032830,200000000,200000000,24841549,87400,31700,15.75,4979,2020.09,10.00,7828,0.37,210200,2020.09,3.19
2021.03.02 기준(장마감),009150,74693696,74693696,25925810,223000,81700,25.89,7783,2020.12,18.00,10894,2.64,76406,2020.12,0.69
2021.03.02 기준(장마감),018260,77377800,77377800,9292973,229500,132500,28.27,6774,2020.09,21.00,9138,2.24,85588,2020.09,1.25
2021.03.02 기준(장마감),015760,641964077,256785634,106901672,30050,15550,159.03,144,2020.09,19.00,1177,0.21,107071,2020.09,0
2021.03.02 기준(장마감),090430,58458490,58458490,19023712,254000,141500,378.62,622,2020.09,50.00,4723,3.57,66032,2020.09,0.34
2021.03.02 기준(장마감),003670,77463220,77463220,5675990,184500,30974,348.31,445,2020.09,110.00,1411,10.09,15365,2020.09,0.18
2021.03.02 기준(장마감),086790,300242062,300242062,201913131,40800,18450,4.64,8176,2020.09,4.00,9048,0.36,104821,2020.09,4.88
2021.03.02 기준(장마감),011170,34275419,34275419,9197861,331000,114500,95.63,3383,2020.09,10.00,33286,0.85,380745,2020.09,1.11
2021.03.02 기준(장마감),033780,137292497,137292497,54400092,89500,63000,10.91,7158,2020.09,9.00,8321,1.11,70129,2020.09,6.15
2021.03.02 기준(장마감),251270,85886499,85886499,20303114,204500,80000,50.02,2469,2020.09,30.00,4145,1.98,62399,2020.09,0.62
2021.03.02 기준(장마감),010950,112582792,112582792,85991690,91500,48450,0,-7458,2020.09,20.00,4152,1.77,47812,2020.09,0
2021.03.02 기준(장마감),018880,533800000,533800000,104830332,20200,8100,65.78,263,2020.09,24.00,708,4.31,4015,2020.09,1.85
2021.03.02 기준(장마감),326030,78313250,78313250,8736356,269500,98000,0,-1100,2019.12,0,0,19.81,5653,2019.12,0
2021.03.02 기준(장마감),000810,47374837,47374837,20859810,212000,117500,13.23,13677,2020.09,11.00,16730,0.51,357348,2020.09,4.86
2021.03.02 기준(장마감),034220,357815700,357815700,85839018,25350,8850,0,-6872,2020.09,10.00,2383,0.75,30549,2020.09,0
2021.03.02 기준(장마감),009540,70773116,70773116,11747010,124500,64200,365.89,302,2020.09,71.00,1550,0.67,164167,2020.09,0
2021.03.02 기준(장마감),010130,18870000,18870000,4261596,467000,276500,13.71,29683,2020.09,12.00,35181,1.04,389688,2020.09,3.69
2021.03.02 기준(장마감),352820,35623760,35623760,3250653,351000,141000,0,0,2019.12,43.00,4848,0,0,2019.12,0
2021.03.02 기준(장마감),086280,37500000,37500000,12272963,235000,70300,10.88,17793,2020.09,12.00,16069,1.47,131348,2020.09,1.81
2021.03.02 기준(장마감),009830,159864497,159864497,28429938,58740,9082,0,-541,2020.09,13.00,3467,1.25,36333,2020.09,0
2021.03.02 기준(장마감),316140,722267683,722267683,181112571,10750,6320,5.22,1865,2020.09,4.00,2303,0.31,31502,2020.09,0
2021.03.02 기준(장마감),030200,261111808,127944788,111598163,27350,17250,11.12,2347,2020.09,8.00,3074,0.46,57342,2020.09,5.17
2021.03.02 기준(장마감),011780,30467691,30467691,8441160,293500,43800,17.88,11687,2020.09,8.00,26993,2.00,104401,2020.09,0
2021.03.02 기준(장마감),024110,738664360,738664360,77786791,10150,5860,4.28,1958,2020.09,4.00,1971,0.28,29815,2020.09,0
2021.03.02 기준(장마감),011200,328061190,328061190,31251891,19000,2120,0,-310,2020.09,3.00,6030,3.63,5178,2020.09,0
2021.03.02 기준(장마감),006800,645316408,645316408,94738296,11100,3505,9.81,957,2020.09,9.00,1054,0.65,14496,2020.09,2.13
2021.03.02 기준(장마감),097950,15054186,15054186,3679186,474000,148000,8.31,48157,2020.09,11.00,35504,1.16,346067,2020.09,1.00
2021.03.02 기준(장마감),161390,123875069,123875069,51070426,54000,15050,23.08,2078,2020.09,10.00,4628,0.80,60301,2020.09,1.36
2021.03.02 기준(장마감),004020,133445785,133445785,25342199,49550,12400,0,-1846,2020.09,22.00,1879,0.32,125533,2020.09,1.23
2021.03.02 기준(장마감),002790,82458180,82458180,16575270,67500,43500,225.44,283,2020.09,42.00,1528,1.74,36619,2020.09,0.36
2021.03.02 기준(장마감),032640,436611361,213939571,127819746,14250,9210,6.61,1815,2020.09,8.00,1531,0.69,17390,2020.09,3.75
2021.03.02 기준(장마감),035250,213940500,213940500,46736005,26700,16000,0,-888,2020.09,54.00,451,1.50,16215,2020.09,0
2021.03.02 기준(장마감),271560,39536132,39536132,16775436,164500,87300,18.85,6924,2020.09,16.00,7926,2.82,46201,2020.09,0.57
2021.03.02 기준(장마감),071050,55725992,55725992,17468366,96200,30000,7.99,10929,2020.09,6.00,15160,0.96,91165,2020.09,0
2021.03.02 기준(장마감),019170,52984990,52984990,5691774,214000,6510,891.18,102,2020.09,0,0,12.19,7454,2020.09,0.11
2021.03.02 기준(장마감),011070,23667107,23667107,7201994,238000,75700,36.80,5516,2020.09,9.00,21450,2.07,98037,2020.09,0.34
2021.03.02 기준(장마감),003490,174209713,87087437,19369892,31950,8299,0,-3400,2020.09,1722.00,16,1.52,18093,2020.09,0
2021.03.02 기준(장마감),021240,73799619,73799619,44287935,93300,47200,13.41,4839,2020.09,11.00,6055,3.29,19700,2020.09,1.85
2021.03.02 기준(장마감),139480,27875819,27875819,8604964,191500,97300,8.51,20035,2020.09,14.00,12382,0.51,337167,2020.09,1.17
2021.03.02 기준(장마감),000720,111355765,111355765,20967846,46500,19150,19.50,2051,2020.09,10.00,3849,0.66,60646,2020.09,1.50
2021.03.02 기준(장마감),011790,37868298,37868298,3469193,143000,27700,51.71,2253,2020.09,32.00,3676,2.24,52064,2020.09,0.86
2021.03.02 기준(장마감),006280,11686538,11686538,2252237,538000,97400,99.65,3728,2020.09,52.00,7128,3.86,96302,2020.09,0.40
2021.03.02 기준(장마감),000100,69972959,69972959,13641114,81000,35884,23.84,2596,2020.09,37.00,1691,2.19,28299,2020.09,0.62
2021.03.02 기준(장마감),285130,11741396,11741396,2575981,467000,49100,16.68,21916,2020.09,0,0,4.81,76041,2020.09,0.55
2021.03.02 기준(장마감),267250,15798617,15798617,2756825,327500,160500,0,-3301,2020.09,70.00,3861,2.83,95497,2020.09,1.37
2021.03.02 기준(장마감),010140,630000000,630000000,95530101,7930,3070,0,-1983,2020.09,-26.00,-249,0.89,7335,2020.09,0
2021.03.02 기준(장마감),008930,67304611,67304611,1081966,96600,18587,277.73,220,2020.09,0,0,6.26,9768,2020.09,0
2021.03.02 기준(장마감),026960,99700000,99700000,4208986,44500,14150,29.06,1387,2020.09,0,0,2.91,13851,2020.09,1.74
2021.03.02 기준(장마감),034020,374637255,374637255,39763097,17700,2200,0,-4636,2020.09,0,0,1.61,6664,2020.09,0
2021.03.02 기준(장마감),180640,66262654,66262654,10250895,111000,38900,0,-6063,2020.09,0,0,4.08,14526,2020.09,0
2021.03.02 기준(장마감),128940,12078282,12078282,1601284,427000,209618,0,-103,2020.09,76.00,4200,5.41,58954,2020.09,0
2021.03.02 기준(장마감),029780,115858891,115858891,12631921,35700,22000,9.31,3557,2020.09,9.00,3551,0.50,66088,2020.09,5.44
2021.03.02 기준(장마감),000120,22812344,22812344,4851274,194500,110000,29.39,5547,2020.09,22.00,7440,0.96,170246,2020.09,0
2021.03.02 기준(장마감),078930,92915378,92915378,17313221,42050,30300,0,-922,2020.09,6.00,5937,0.42,90703,2020.09,4.93
2021.03.02 기준(장마감),004990,104909237,104909237,11794074,46650,20050,0,-6835,2020.09,14.00,2377,0.35,94716,2020.09,2.99
2021.03.02 기준(장마감),023530,28288755,28288755,3380045,126500,57800,0,-47402,2020.09,22.00,5596,0.33,366314,2020.09,2.31
2021.03.02 기준(장마감),003410,503859595,503859595,13792070,7420,4217,26.91,249,2020.09,20.00,331,1.96,3413,2020.09,6.57
2021.03.02 기준(장마감),039490,25933530,25933530,5987593,167500,50000,5.69,22659,2020.09,5.00,25894,1.23,105033,2020.09,0
2021.03.02 기준(장마감),241560,100249166,100249166,23106479,37100,13050,17.97,1848,2020.09,12.00,2841,0.80,41713,2020.09,0
2021.03.02 기준(장마감),336260,65493726,65493726,12618002,65400,3934,148.97,341,2020.09,176.00,289,20.68,2457,2020.09,0
2021.03.02 기준(장마감),016360,89300000,89300000,23399271,47250,20450,7.03,5267,2020.09,6.00,6685,0.64,58223,2020.09,5.94
2021.03.02 기준(장마감),047810,97475107,97475107,13878497,41000,16150,24.89,1358,2020.09,32.00,1065,2.66,12715,2020.09,0
2021.03.02 기준(장마감),008770,39248121,39248121,7269548,90900,60700,0,-3295,2020.09,156.00,527,4.24,19444,2020.09,0.24
2021.03.02 기준(장마감),020150,46110835,46110835,4268758,82300,21700,72.10,964,2020.09,66.00,1050,5.28,13170,2020.09,0
2021.03.02 기준(장마감),012750,37999178,37999178,21291006,104500,72000,21.95,3800,2020.09,0,0,2.08,40174,2020.09,3.00
2021.03.02 기준(장마감),006360,85280439,85280439,23771956,45200,14650,9.68,3822,2020.09,6.00,6547,0.72,51747,2020.09,3.24
2021.03.02 기준(장마감),005940,281408887,281408887,44482459,12900,6300,5.34,2058,2020.09,5.00,2182,0.57,19249,2020.09,0
2021.03.02 기준(장마감),204320,46957120,46957120,11586866,89000,16200,0,-1181,2020.09,14.00,4461,1.87,34515,2020.09,0
2021.03.02 기준(장마감),036460,92313000,27693901,8131623,35300,16450,0,-5436,2020.09,9.00,3677,0.38,86590,2020.09,0
2021.03.02 기준(장마감),028670,534569512,534569512,60726911,5970,2055,22.25,253,2020.09,16.00,351,0.99,5680,2020.09,0.89
2021.03.02 기준(장마감),005830,70800000,70800000,28541139,54600,23750,5.36,7850,2020.09,5.00,7787,0.38,109727,2020.09,5.23
2021.03.02 기준(장마감),010060,23849371,23849371,4893855,127500,26450,0,-30950,2020.09,17.00,7084,1.13,107869,2020.09,0
2021.03.02 기준(장마감),088350,868530000,868530000,61006201,3665,881,12.13,263,2020.09,11.00,280,0.17,18434,2020.09,0.94
2021.03.02 기준(장마감),007070,77000000,77000000,11489148,44900,25100,16.36,2194,2020.09,17.00,2134,1.22,29520,2020.09,2.51
2021.03.02 기준(장마감),282330,17283906,17283906,5613637,181000,105500,21.00,7570,2020.09,17.00,9208,4.09,38910,2020.09,1.51
2021.03.02 기준(장마감),004170,9845181,9845181,2431622,283000,199000,0,-31123,2020.09,14.00,19155,0.81,343130,2020.09,0.54
2021.03.02 기준(장마감),042660,107290669,107290669,9897256,30700,10850,15.66,1625,2020.09,8.00,3001,0.68,37566,2020.09,0
2021.03.02 기준(장마감),014680,11335195,11335195,4528899,255000,63800,22.85,10393,2020.09,17.00,13782,4.87,48786,2020.09,0.76
2021.03.02 기준(장마감),047050,123375149,123375149,11160115,25400,8640,11.94,1813,2020.09,9.00,2334,0.84,25908,2020.09,3.23
2021.03.02 기준(장마감),001040,29176998,29176998,5512894,118500,52300,15.18,6020,2020.09,10.00,9540,0.64,142604,2020.09,2.19
2021.03.02 기준(장마감),008560,675961727,675961727,93171591,4055,2020,4.80,799,2020.09,6.00,655,0.62,6204,2020.09,8.34
2021.03.02 기준(장마감),028050,196000000,196000000,48088115,14800,6910,9.82,1303,2020.09,8.00,1572,1.61,7942,2020.09,0
2021.03.02 기준(장마감),000990,44398588,44398588,8925046,74300,14500,15.22,3706,2020.09,0,0,3.13,17994,2020.09,0.62
2021.03.02 기준(장마감),081660,60752222,60752222,28591065,48550,18850,13.49,2966,2020.09,10.00,4192,1.75,22900,2020.09,0.48
2021.03.02 기준(장마감),047040,415622638,415622638,36408796,6700,2250,12.59,463,2020.09,6.00,1055,0.91,6438,2020.09,0
2021.03.02 기준(장마감),000080,70133611,70133611,5027092,47050,21150,32.61,1058,2020.09,20.00,1692,2.21,15609,2020.09,0
2021.03.02 기준(장마감),009240,23533928,23533928,5433767,123500,46000,34.94,2848,2020.09,26.00,3880,2.92,34065,2020.09,1.31
2021.03.02 기준(장마감),006650,6500000,6500000,1415820,405500,60600,25.58,13661,2020.09,9.00,38728,1.17,298140,2020.09,0
2021.03.02 기준(장마감),272210,110230389,110230389,3693860,22850,4670,28.82,706,2019.12,30.00,686,2.27,8978,2019.12,1.13
2021.03.02 기준(장마감),006260,32200000,32200000,4632846,80000,24050,0,-72,2020.09,11.00,6533,0.60,116525,2020.09,2.08
2021.03.02 기준(장마감),030000,115041225,115041225,37747926,23050,11550,16.48,1180,2020.09,14.00,1421,2.05,9506,2020.09,4.32
2021.03.02 기준(장마감),000880,74958735,74958735,14746891,37600,11850,12.04,2454,2020.09,6.00,4700,0.54,54354,2020.09,2.37
2021.03.02 기준(장마감),003090,58141980,58141980,3172789,86700,6470,43.09,868,2020.09,0,0,2.45,15248,2020.09,0
2021.03.02 기준(장마감),011210,27195083,27195083,2811642,108500,19850,17.26,4628,2020.09,18.00,4479,0.66,120437,2020.09,0.88
2021.03.02 기준(장마감),064350,109142293,109142293,5639003,24250,8730,0,-1761,2020.09,47.00,424,1.59,12404,2020.09,0
2021.03.02 기준(장마감),007700,15400000,15400000,1572803,156000,79900,24.39,5657,2020.09,17.00,7917,4.21,32799,2020.09,0
2021.03.02 기준(장마감),010620,39942149,39942149,5373022,58100,20150,45.61,1162,2020.09,33.00,1584,0.90,59115,2020.09,0
2021.03.02 기준(장마감),375500,19358738,19358738,4223972,136000,103500,0,0,,0,0,0,0,,0
2021.03.02 기준(장마감),007310,3671981,3671981,597728,627000,402000,19.23,29596,2020.09,14.00,39488,1.42,401831,2020.09,1.41
2021.03.02 기준(장마감),001450,89400000,89400000,32016690,28000,16600,5.47,4075,2020.09,6.00,4001,0.35,63157,2020.09,4.48
2021.03.02 기준(장마감),185750,11426099,11426099,1399526,273774,58093,20.35,8429,2020.09,0,0,3.58,47895,2020.09,0
2021.03.02 기준(장마감),138930,325935246,325935246,127981095,6280,3565,4.03,1474,2020.09,3.00,1735,0.22,26771,2020.09,5.39
2021.03.02 기준(장마감),069960,23402441,23402441,3473352,85300,52600,16.84,4881,2020.09,10.00,7877,0.43,192456,2020.09,1.22
2021.03.02 기준(장마감),012450,50630000,50630000,9429269,46650,14850,26.37,1426,2020.09,14.00,2740,0.75,50024,2020.09,1.60
2021.03.02 기준(장마감),111770,44311468,44311468,10942952,42150,16200,11.15,3696,2020.09,10.00,4101,0.91,45125,2020.09,0
2021.03.02 기준(장마감),002380,8886471,8886471,1053774,226500,106000,0,-315,2020.09,0,0,0.37,542803,2020.09,2.84
2021.03.02 기준(장마감),294870,65907330,65907330,6858645,32250,12000,6.65,4030,2020.09,5.00,5633,0.66,40352,2020.09,2.24
2021.03.02 기준(장마감),017800,40815191,40815191,11117473,52800,24208,19.17,2233,2020.09,13.00,3324,1.77,24203,2020.09,0
2021.03.02 기준(장마감),005250,47028210,47028210,2611275,56300,14600,34.64,1058,2020.09,0,0,2.10,17448,2020.09,1.36
2021.03.02 기준(장마감),010120,30000000,30000000,4068879,79200,25550,22.12,2595,2020.09,14.00,4162,1.21,47563,2020.09,1.92
2021.03.02 기준(장마감),042670,216185809,216185809,13095661,10550,2500,10.26,775,2020.09,7.00,1149,0.68,11650,2020.09,0
2021.03.02 기준(장마감),003000,64837978,64837978,3102363,42537,11879,13000.00,2,2020.09,0,0,6.46,4022,2020.09,0.35
2021.03.02 기준(장마감),010780,30892606,30892606,1602812,59300,15550,13.14,4148,2020.09,9.00,6028,1.41,38578,2020.09,0
2021.03.02 기준(장마감),004800,21071025,21071025,1872567,95000,48800,0,-2133,2020.09,0,0,0.71,112329,2020.09,6.26
2021.03.02 기준(장마감),004370,6082642,6082642,1011643,401500,233000,12.27,22289,2020.09,14.00,19395,0.78,351889,2020.09,1.46
2021.03.02 기준(장마감),000240,93020173,93020173,8342786,23400,7400,14.73,1198,2020.09,13.00,1374,0.48,36684,2020.09,2.83
2021.03.02 기준(장마감),069620,11586575,11586575,525818,286500,63200,0,-143,2020.09,0,0,2.75,49193,2020.09,0
2021.03.02 기준(장마감),112610,21085715,21085715,1943459,108000,7710,50.63,1434,2020.09,34.00,2106,5.58,13002,2020.09,0.65
2021.03.02 기준(장마감),120110,26978840,26978840,4204162,59000,20300,9.76,5585,2020.09,13.00,4306,0.76,72011,2020.09,1.84
2021.03.02 기준(장마감),032350,69275662,69275662,3461412,21850,6800,0,-681,2020.09,0,0,5.27,3967,2020.09,0
2021.03.02 기준(장마감),001740,248187647,248187647,29279728,5950,3820,0,-231,2020.09,22.00,254,0.56,9754,2020.09,2.18
2021.03.02 기준(장마감),031430,7140000,7140000,272011,220000,134000,30.17,6315,2020.09,21.00,8992,2.21,86264,2020.09,0.58
2021.03.02 기준(장마감),004000,25800000,25800000,5874392,66500,23550,7.92,6631,2020.09,8.00,6237,0.85,62116,2020.09,2.86
2021.03.02 기준(장마감),013890,14406749,14406749,3264745,112000,39000,18.59,4955,2020.09,0,0,2.89,31826,2020.09,0.87
2021.03.02 기준(장마감),161890,22881180,22881180,6568512,59900,30450,41.65,1390,2020.09,21.00,2821,2.65,21825,2020.09,0
2021.03.02 기준(장마감),014820,25618511,25618511,430063,63400,13100,28.32,1760,2020.09,0,0,2.65,18845,2020.09,1.20
2021.03.02 기준(장마감),000210,15441262,15441262,4693487,97500,43328,4.38,18894,2020.09,0,0,0.49,169000,2020.09,1.57
2021.03.02 기준(장마감),006120,19037855,19037855,1923726,91600,15400,4.29,15229,2020.09,0,0,0.69,94360,2020.09,1.53
2021.03.02 기준(장마감),004490,14000000,14000000,3472130,146500,22300,16.65,5279,2020.09,0,0,1.07,82357,2020.09,0.57
2021.03.02 기준(장마감),214320,20000000,20000000,6024976,70400,41300,19.12,3211,2020.09,15.00,4033,1.59,38672,2020.09,2.93
2021.03.02 기준(장마감),051600,45000000,45000000,4568400,34450,24500,10.10,2694,2020.09,9.00,3177,1.18,22983,2020.09,0
2021.03.02 기준(장마감),016380,100008897,100008897,99957,21300,4950,14.38,824,2020.09,0,0,1.25,9462,2020.09,0.84
2021.03.02 기준(장마감),003520,182892731,182892731,7944343,12800,3530,0,-4,2020.09,0,0,9.98,646,2020.09,0
2021.03.02 기준(장마감),009420,52240638,52240638,3455085,41950,14650,59.81,377,2020.09,59.00,381,6.86,3285,2020.09,0
2021.03.02 기준(장마감),073240,287260287,287260287,15135662,4280,2585,0,-349,2020.09,0,0,0.98,4124,2020.09,0
2021.03.02 기준(장마감),000670,1842040,1842040,87502,660000,382000,6.03,100629,2020.09,0,0,0.31,1959363,2020.09,0
2021.03.02 기준(장마감),003850,52120000,52120000,3537649,30100,7686,38.17,558,2020.09,34.00,633,3.11,6838,2020.09,0.43
2021.03.02 기준(장마감),020560,74411764,37198441,14542060,29714,9705,0,-11565,2020.09,-7.00,-2211,2.18,6708,2020.09,0
2021.03.02 기준(장마감),192820,10049509,10049509,2355520,127500,60000,25.99,4040,2020.09,26.00,4042,2.88,36511,2020.09,0
2021.03.02 기준(장마감),001120,38760000,38760000,9615596,30000,6590,7.37,3670,2020.09,11.00,2422,0.70,38555,2020.09,1.48
2021.03.02 기준(장마감),003240,1113400,1113400,85626,1038000,487000,10.08,93173,2020.09,0,0,0.24,3976576,2020.09,0
2021.03.02 기준(장마감),192080,18374502,18374502,2429695,85800,35400,9.55,5832,2020.09,7.00,7495,1.37,40763,2020.09,0.63
2021.03.02 기준(장마감),005300,8975123,8975123,930734,132500,78900,0,-9751,2020.09,19.00,5963,0.76,149063,2020.09,0
2021.03.02 기준(장마감),103140,28024278,28024278,3594734,39700,13500,21.58,1643,2020.09,10.00,3670,0.70,50330,2020.09,1.69
2021.03.02 기준(장마감),114090,61855670,61855670,3869037,18150,10750,0,-215,2020.09,-46.00,-348,1.90,8420,2020.09,0
2021.03.02 기준(장마감),007570,19085664,19085664,1586618,106500,19700,92.98,541,2020.09,0,0,4.52,11121,2020.09,0.24
2021.03.02 기준(장마감),079160,35100000,35100000,2050317,30350,12608,0,-18557,2020.09,-7.00,-3811,6.96,3923,2020.09,0
2021.03.02 기준(장마감),057050,12000000,5880000,3530198,88400,42300,10.57,7494,2020.09,6.00,12874,0.50,157495,2020.09,2.78
2021.03.02 기준(장마감),020000,24630000,24630000,7129995,39650,15900,11.67,3300,2020.09,10.00,3847,0.78,49598,2020.09,1.17
2021.03.02 기준(장마감),241590,60545435,60545435,2732376,16000,7750,22.29,702,2020.09,26.00,591,1.84,8497,2020.09,0
2021.03.02 기준(장마감),064960,14623136,14623136,3443996,81600,23900,17.24,3723,2020.12,11.00,5831,1.16,55310,2020.12,2.49
2021.03.02 기준(장마감),069260,40878588,40878588,3601092,27650,12100,19.42,1179,2020.09,11.00,2136,1.32,17352,2020.09,4.37
2021.03.02 기준(장마감),093370,92606819,92606819,5082206,14000,4600,0,-55,2020.09,0,0,4.35,2324,2020.09,0
2021.03.02 기준(장마감),192400,7112437,7112437,412071,127000,58900,8.98,14536,2020.09,0,0,1.09,119584,2020.09,0
2021.03.02 기준(장마감),005440,97704482,97704482,10729236,9990,4815,22.28,426,2020.09,0,0,0.47,20075,2020.09,2.21
2021.03.02 기준(장마감),284740,22437330,22437330,1245215,48750,24000,11.84,3426,2020.09,0,0,1.85,21937,2020.09,0
2021.03.02 기준(장마감),001800,62645422,62645422,4063995,15150,10400,12.44,1113,2020.09,0,0,0.42,32821,2020.09,4.69
2021.03.02 기준(장마감),071840,23607712,23607712,2751075,45250,11050,0,-3112,2020.09,8.00,4832,0.43,84414,2020.09,3.27
2021.03.02 기준(장마감),001680,34648025,34648025,5448283,30300,13150,5.96,4180,2020.09,7.00,3474,0.81,30643,2020.09,0
2021.03.02 기준(장마감),001230,95432737,95432737,24514721,9560,2780,0,-570,2020.09,0,0,0.41,21689,2020.09,2.27
2021.03.02 기준(장마감),105630,40000000,40000000,3266118,21900,6810,126.99,163,2020.09,12.00,1739,1.93,10729,2020.09,2.41
2021.03.02 기준(장마감),079550,22000000,22000000,1498404,47050,15600,25.48,1454,2020.09,12.00,3047,1.22,30362,2020.09,2.43
2021.03.02 기준(장마감),002350,97667877,97667877,6818462,8520,3815,55.27,150,2020.09,10.00,816,0.55,14976,2020.09,0
2021.03.02 기준(장마감),000150,16523835,16523835,1198600,66700,25700,9.62,4908,2020.09,0,0,0.50,93908,2020.09,4.24
2021.03.02 기준(장마감),115390,53007638,53007638,38274397,14800,6420,58.87,248,2020.09,0,0,1.13,12931,2020.09,0
2021.03.02 기준(장마감),000070,8564271,8564271,657245,121500,32250,18.53,4793,2020.09,0,0,0.47,188938,2020.09,2.53
2021.03.02 기준(장마감),049770,3859124,3859124,245679,225000,127000,10.60,18539,2020.09,9.00,21345,1.03,190221,2020.09,1.78
2021.03.02 기준(장마감),052690,38220000,38220000,1022643,20500,12800,28.18,628,2020.09,0,0,1.39,12750,2020.09,0
2021.03.02 기준(장마감),018250,26409935,26409935,547986,29200,18500,34.85,726,2020.09,29.00,862,2.01,12609,2020.09,0.79
2021.03.02 기준(장마감),003230,7533015,7533015,587478,140000,68200,8.70,10119,2020.09,8.00,10461,1.95,45029,2020.09,0.91
2021.03.02 기준(장마감),012630,59741721,59741721,12758842,12750,6800,6.22,1768,2020.09,0,0,0.27,40345,2020.09,0
2021.03.02 기준(장마감),006390,16821290,16821290,46121,43850,15800,12.63,3037,2020.09,0,0,2.87,13342,2020.09,2.87
2021.03.02 기준(장마감),108670,8967670,8967670,1707317,102000,30350,20.63,3470,2020.09,13.00,5346,0.73,97816,2020.09,0.42
2021.03.02 기준(장마감),001060,21539926,21539926,1202668,44632,17891,0,-1378,2020.09,0,0,3.08,9516,2020.09,1.08
2021.03.02 기준(장마감),005610,8629009,8629009,201393,79100,39950,0,-1525,2020.09,15.00,4883,1.93,37037,2020.09,0
2021.03.02 기준(장마감),005180,9851241,9851241,2509167,80500,35050,11.45,5084,2020.09,0,0,0.85,68587,2020.09,0
2021.03.02 기준(장마감),145990,10313449,10313449,487955,76500,23050,9.64,5726,2020.09,0,0,0.48,115104,2020.09,2.26
2021.03.02 기준(장마감),009410,38899098,38899098,4115232,13950,4064,1.55,7723,2020.09,0,0,0.78,15418,2020.09,2.71
2021.03.02 기준(장마감),008350,110179090,110179090,6435990,7980,2920,42.40,98,2020.09,0,0,2.43,1708,2020.09,0
2021.03.03 기준(장마감),005930,5969782550,5969782550,3271789049,96800,42300,21.87,3841,2020.12,17.00,5053,2.13,39406,2020.12,3.56
2021.03.03 기준(장마감),000660,728002365,728002365,366020821,150500,65800,37.29,3942,2020.09,14.00,10829,1.99,73800,2020.09,0.80
2021.03.03 기준(장마감),035420,164263395,164263395,94026837,405500,135000,79.53,5023,2020.09,41.00,9755,8.99,44439,2020.09,0.10
2021.03.03 기준(장마감),051910,70592343,70592343,31730377,1050000,230000,81.29,10703,2020.09,31.00,28045,3.67,237125,2020.09,1.15
2021.03.03 기준(장마감),005380,213668187,213668187,65938587,289000,65000,57.35,4185,2020.09,12.00,19491,0.90,265325,2020.09,1.25
2021.03.03 기준(장마감),207940,66165000,66165000,6929179,883000,352000,141.69,5371,2020.09,141.00,5404,11.19,67994,2020.09,0
2021.03.03 기준(장마감),006400,68764530,68764530,30083501,818000,180000,237.46,2931,2020.09,49.00,14199,3.70,188329,2020.09,0.14
2021.03.03 기준(장마감),035720,88678085,88678085,29930655,519000,127500,0,-901,2020.09,74.00,6673,6.62,74548,2020.09,0.03
2021.03.03 기준(장마감),068270,135027731,135027731,28510681,396240,136008,81.89,3700,2020.09,54.00,5628,12.78,23717,2020.09,0
2021.03.03 기준(장마감),000270,405363347,405363347,136181110,102000,21500,37.31,2152,2020.09,8.00,9516,1.11,72443,2020.09,1.25
2021.03.03 기준(장마감),012330,94793094,94793094,38078629,405000,126000,19.12,16398,2020.09,11.00,29300,0.88,354526,2020.09,1.28
2021.03.03 기준(장마감),005490,87186835,87186835,45336262,295500,133000,27.39,10917,2020.09,10.00,30334,0.53,566971,2020.09,2.68
2021.03.03 기준(장마감),066570,163647814,163647814,52163322,193000,41600,32.69,4604,2020.09,11.00,13159,1.73,86845,2020.09,0.80
2021.03.03 기준(장마감),096770,92465564,92465564,21281569,327500,55100,0,-26294,2020.09,94.00,2831,1.48,179631,2020.09,0
2021.03.03 기준(장마감),051900,15618197,15618197,7113522,1706000,1045000,33.48,45018,2020.12,29.00,51542,5.31,283837,2020.12,0.73
2021.03.03 기준(장마감),028260,186887081,186887081,27462077,160000,73500,20.77,5969,2020.09,19.00,6457,0.84,147844,2020.09,1.86
2021.03.03 기준(장마감),036570,21954022,21954022,11003804,1048000,504000,37.64,25556,2020.09,22.00,44223,6.17,155811,2020.09,0.89
2021.03.03 기준(장마감),017670,80745711,39565399,29287639,274500,164000,18.59,13580,2020.09,11.00,23735,0.77,327560,2020.09,3.96
2021.03.03 기준(장마감),034730,70360297,70360297,15106357,360500,102500,1179.32,237,2020.09,19.00,14567,0.82,342805,2020.09,2.50
2021.03.03 기준(장마감),105560,415807920,415807920,277408179,48450,25850,5.55,8198,2020.09,5.00,8920,0.43,105769,2020.09,3.89
2021.03.03 기준(장마감),055550,516599554,516599554,304261827,37850,21850,4.83,6973,2020.09,5.00,6931,0.41,82295,2020.09,0
2021.03.03 기준(장마감),003550,172557131,172557131,60388161,119000,44600,13.32,7074,2020.09,8.00,11147,0.81,116777,2020.09,2.65
2021.03.03 기준(장마감),032830,200000000,200000000,25077339,87400,31700,15.87,4979,2020.09,10.00,7828,0.38,210200,2020.09,3.16
2021.03.03 기준(장마감),015760,641964077,256785634,107093281,30050,15550,163.89,144,2020.09,20.00,1177,0.22,107071,2020.09,0
2021.03.03 기준(장마감),009150,74693696,74693696,26164205,223000,81700,25.95,7783,2020.12,18.00,11041,2.64,76406,2020.12,0.69
2021.03.03 기준(장마감),018260,77377800,77377800,9280566,229500,132500,28.42,6774,2020.09,21.00,9138,2.25,85588,2020.09,1.25
2021.03.03 기준(장마감),090430,58458490,58458490,19018791,254000,141500,385.85,622,2020.09,51.00,4723,3.63,66032,2020.09,0.33
2021.03.03 기준(장마감),003670,77463220,77463220,5623728,184500,30974,351.69,445,2020.09,111.00,1411,10.19,15365,2020.09,0.18
2021.03.03 기준(장마감),086790,300242062,300242062,202465494,40800,18450,4.74,8176,2020.09,4.00,9048,0.37,104821,2020.09,4.77
2021.03.03 기준(장마감),011170,34275419,34275419,9198107,338000,114500,96.96,3383,2020.09,10.00,33286,0.86,380745,2020.09,1.10
2021.03.03 기준(장마감),033780,137292497,137292497,54282831,89500,63000,11.15,7158,2020.09,10.00,8321,1.14,70129,2020.09,6.01
2021.03.03 기준(장마감),251270,85886499,85886499,20286455,204500,80000,51.24,2469,2020.09,31.00,4145,2.03,62399,2020.09,0.61
2021.03.03 기준(장마감),010950,112582792,112582792,85953950,91500,48450,0,-7458,2020.09,21.00,4152,1.79,47812,2020.09,0
2021.03.03 기준(장마감),018880,533800000,533800000,105057835,20200,8100,65.21,263,2020.09,25.00,689,4.27,4015,2020.09,1.87
2021.03.03 기준(장마감),326030,78313250,78313250,8425296,269500,98000,0,-1100,2019.12,0,0,20.34,5653,2019.12,0
2021.03.03 기준(장마감),000810,47374837,47374837,21075579,212000,117500,13.31,13677,2020.09,11.00,16730,0.51,357348,2020.09,4.84
2021.03.03 기준(장마감),034220,357815700,357815700,86182391,25350,8850,0,-6872,2020.09,10.00,2383,0.75,30549,2020.09,0
2021.03.03 기준(장마감),009540,70773116,70773116,11738826,124500,64200,369.21,302,2020.09,72.00,1550,0.68,164167,2020.09,0
2021.03.03 기준(장마감),010130,18870000,18870000,4245352,467000,276500,13.88,29683,2020.09,12.00,35181,1.06,389688,2020.09,3.64
2021.03.03 기준(장마감),352820,35623760,35623760,3234821,351000,141000,0,0,2019.12,44.00,4797,0,0,2019.12,0
2021.03.03 기준(장마감),009830,159864497,159864497,28486968,58740,9082,0,-541,2020.09,13.00,3467,1.27,36333,2020.09,0
2021.03.03 기준(장마감),086280,37500000,37500000,12241653,235000,70300,11.04,17793,2020.09,12.00,16069,1.50,131348,2020.09,1.78
2021.03.03 기준(장마감),316140,722267683,722267683,181418554,10750,6320,5.24,1865,2020.09,4.00,2303,0.31,31502,2020.09,0
2021.03.03 기준(장마감),030200,261111808,127944788,111417755,27350,17250,11.27,2347,2020.09,9.00,2998,0.46,57342,2020.09,5.10
2021.03.03 기준(장마감),011780,30467691,30467691,8426087,293500,43800,19.38,11687,2020.09,8.00,27593,2.17,104401,2020.09,0
2021.03.03 기준(장마감),011200,328061190,328061190,31066243,19800,2120,0,-310,2020.09,3.00,6030,3.94,5178,2020.09,0
2021.03.03 기준(장마감),024110,738664360,738664360,77962574,10150,5860,4.36,1958,2020.09,4.00,1971,0.29,29815,2020.09,0
2021.03.03 기준(장마감),161390,123875069,123875069,51083415,54000,15050,24.21,2078,2020.09,11.00,4628,0.83,60301,2020.09,1.29
2021.03.03 기준(장마감),006800,645316408,645316408,94552368,11100,3505,10.02,957,2020.09,9.00,1054,0.66,14496,2020.09,2.09
2021.03.03 기준(장마감),097950,15054186,15054186,3683309,474000,148000,8.43,48157,2020.09,11.00,35504,1.17,346067,2020.09,0.99
2021.03.03 기준(장마감),004020,133445785,133445785,25487309,49550,12400,0,-1846,2020.09,23.00,1879,0.34,125533,2020.09,1.18
2021.03.03 기준(장마감),002790,82458180,82458180,16562101,67500,43500,229.33,283,2020.09,42.00,1528,1.77,36619,2020.09,0.35
2021.03.03 기준(장마감),035250,213940500,213940500,46765646,26700,16000,0,-888,2020.09,55.00,451,1.54,16215,2020.09,0
2021.03.03 기준(장마감),032640,436611361,213939571,128120922,14250,9210,6.64,1815,2020.09,8.00,1524,0.69,17390,2020.09,3.73
2021.03.03 기준(장마감),271560,39536132,39536132,16780837,164500,87300,18.99,6924,2020.09,17.00,7926,2.85,46201,2020.09,0.57
2021.03.03 기준(장마감),139480,27875819,27875819,8557502,191500,97300,9.23,20035,2020.09,15.00,12382,0.55,337167,2020.09,1.08
2021.03.03 기준(장마감),071050,55725992,55725992,17494967,96200,30000,8.19,10929,2020.09,6.00,15160,0.98,91165,2020.09,0
2021.03.03 기준(장마감),019170,52984990,52984990,5818763,214000,6510,921.57,102,2020.09,0,0,12.61,7454,2020.09,0.11
2021.03.03 기준(장마감),011070,23667107,23667107,7209784,238000,75700,37.98,5516,2020.09,10.00,21564,2.14,98037,2020.09,0.33
2021.03.03 기준(장마감),003490,174209713,87087437,19490045,31950,8299,0,-3400,2020.09,-1273.00,-22,2.00,14018,2020.09,0
2021.03.03 기준(장마감),021240,73799619,73799619,44228572,93300,47200,13.62,4839,2020.09,11.00,6055,3.35,19700,2020.09,1.82
2021.03.03 기준(장마감),011790,37868298,37868298,3418920,143000,27700,53.48,2253,2020.09,33.00,3676,2.31,52064,2020.09,0.83
2021.03.03 기준(장마감),000720,111355765,111355765,21091759,46500,19150,19.62,2051,2020.09,10.00,3854,0.66,60646,2020.09,1.49
2021.03.03 기준(장마감),000100,69972959,69972959,13600984,81000,35884,24.08,2596,2020.09,36.00,1751,2.21,28299,2020.09,0.61
2021.03.03 기준(장마감),267250,15798617,15798617,2755547,327500,160500,0,-3301,2020.09,71.00,3861,2.86,95497,2020.09,1.35
2021.03.03 기준(장마감),006280,11686538,11686538,2223788,538000,97400,97.64,3728,2020.09,53.00,6883,3.78,96302,2020.09,0.41
2021.03.03 기준(장마감),034020,374637255,374637255,39960589,17700,2200,0,-4636,2020.09,0,0,1.70,6664,2020.09,0
2021.03.03 기준(장마감),010140,630000000,630000000,95402750,7930,3070,0,-1983,2020.09,-27.00,-249,0.90,7335,2020.09,0
2021.03.03 기준(장마감),008930,67304611,67304611,1122944,96600,18587,276.82,220,2020.09,0,0,6.23,9768,2020.09,0
2021.03.03 기준(장마감),285130,11741396,11741396,2564262,467000,49100,15.83,21916,2020.09,0,0,4.56,76041,2020.09,0.58
2021.03.03 기준(장마감),180640,66262654,66262654,10233477,111000,38900,0,-6063,2020.09,0,0,4.18,14526,2020.09,0
2021.03.03 기준(장마감),026960,99700000,99700000,4187846,44500,14150,28.59,1387,2020.09,0,0,2.86,13851,2020.09,1.76
2021.03.03 기준(장마감),029780,115858891,115858891,12696121,35700,22000,9.33,3557,2020.09,9.00,3551,0.50,66088,2020.09,5.42
2021.03.03 기준(장마감),000120,22812344,22812344,4837418,194500,110000,30.29,5547,2020.09,23.00,7440,0.99,170246,2020.09,0
2021.03.03 기준(장마감),128940,12078282,12078282,1601645,427000,209618,0,-103,2020.09,70.00,4514,5.33,58954,2020.09,0
2021.03.03 기준(장마감),023530,28288755,28288755,3426056,126500,57800,0,-47402,2020.09,23.00,5596,0.35,366314,2020.09,2.18
2021.03.03 기준(장마감),078930,92915378,92915378,17271468,42050,30300,0,-922,2020.09,7.00,5937,0.43,90703,2020.09,4.86
2021.03.03 기준(장마감),336260,65493726,65493726,12689067,65400,3934,159.82,341,2020.09,189.00,289,22.18,2457,2020.09,0
2021.03.03 기준(장마감),004990,104909237,104909237,11783528,46650,20050,0,-6835,2020.09,11.00,3016,0.36,94716,2020.09,2.95
2021.03.03 기준(장마감),016360,89300000,89300000,23499796,47250,20450,7.30,5267,2020.09,6.00,6685,0.66,58223,2020.09,5.72
2021.03.03 기준(장마감),047810,97475107,97475107,13665044,41000,16150,25.59,1358,2020.09,33.00,1065,2.73,12715,2020.09,0
2021.03.03 기준(장마감),003410,503859595,503859595,13795223,7420,4217,26.99,249,2020.09,20.00,331,1.97,3413,2020.09,6.55
2021.03.03 기준(장마감),241560,100249166,100249166,23151850,37100,13050,18.26,1848,2020.09,12.00,2841,0.81,41713,2020.09,0
2021.03.03 기준(장마감),039490,25933530,25933530,5990081,167500,50000,5.72,22659,2020.09,5.00,25894,1.23,105033,2020.09,0
2021.03.03 기준(장마감),008770,39248121,39248121,7220335,90900,60700,0,-3295,2020.09,175.00,483,4.34,19444,2020.09,0.24
2021.03.03 기준(장마감),020150,46110835,46110835,4267910,82300,21700,72.51,964,2020.09,67.00,1039,5.31,13170,2020.09,0
2021.03.03 기준(장마감),005940,281408887,281408887,44587282,12900,6300,5.54,2058,2020.09,5.00,2182,0.59,19249,2020.09,0
2021.03.03 기준(장마감),006360,85280439,85280439,23837403,45200,14650,9.81,3822,2020.09,6.00,6533,0.72,51747,2020.09,3.20
2021.03.03 기준(장마감),012750,37999178,37999178,21295872,104500,72000,22.13,3800,2020.09,0,0,2.09,40174,2020.09,2.97
2021.03.03 기준(장마감),028670,534569512,534569512,59681564,5970,2055,23.60,253,2020.09,17.00,351,1.05,5680,2020.09,0.84
2021.03.03 기준(장마감),036460,92313000,27693901,8254805,35300,16450,0,-5436,2020.09,9.00,3606,0.39,86590,2020.09,0
2021.03.03 기준(장마감),005830,70800000,70800000,28588823,54600,23750,5.50,7850,2020.09,6.00,7787,0.39,109727,2020.09,5.10
2021.03.03 기준(장마감),204320,46957120,46957120,11682358,89000,16200,0,-1181,2020.09,14.00,4461,1.84,34515,2020.09,0
2021.03.03 기준(장마감),010060,23849371,23849371,4847676,130000,26450,0,-30950,2020.09,17.00,7084,1.14,107869,2020.09,0
2021.03.03 기준(장마감),282330,17283906,17283906,5616225,181000,105500,22.39,7570,2020.09,18.00,9208,4.36,38910,2020.09,1.42
2021.03.03 기준(장마감),007070,77000000,77000000,11442961,44900,25100,17.05,2194,2020.09,18.00,2134,1.27,29520,2020.09,2.41
2021.03.03 기준(장마감),004170,9845181,9845181,2420400,283000,199000,0,-31123,2020.09,15.00,19155,0.84,343130,2020.09,0.52
2021.03.03 기준(장마감),088350,868530000,868530000,60868513,3665,881,12.02,263,2020.09,11.00,280,0.17,18434,2020.09,0.95
2021.03.03 기준(장마감),042660,107290669,107290669,9897799,30700,10850,15.66,1625,2020.09,8.00,3001,0.68,37566,2020.09,0
2021.03.03 기준(장마감),001040,29176998,29176998,5503039,118500,52300,15.45,6020,2020.09,10.00,9540,0.65,142604,2020.09,2.15
2021.03.03 기준(장마감),047050,123375149,123375149,11068459,25400,8640,12.05,1813,2020.09,9.00,2334,0.84,25908,2020.09,3.20
2021.03.03 기준(장마감),008560,675961727,675961727,93980147,4055,2020,4.83,816,2020.09,6.00,679,0.62,6340,2020.09,8.11
2021.03.03 기준(장마감),014680,11335195,11335195,4506902,255000,63800,22.03,10393,2020.09,17.00,13782,4.69,48786,2020.09,0.79
2021.03.03 기준(장마감),081660,60752222,60752222,28524561,48550,18850,14.13,2966,2020.09,10.00,4192,1.83,22900,2020.09,0.46
2021.03.03 기준(장마감),028050,196000000,196000000,48006299,14800,6910,9.94,1303,2020.09,8.00,1574,1.63,7942,2020.09,0
2021.03.03 기준(장마감),000990,44398588,44398588,8953899,74300,14500,15.22,3706,2020.09,0,0,3.13,17994,2020.09,0.62
2021.03.03 기준(장마감),000080,70133611,70133611,5115696,47050,21150,33.18,1058,2020.09,21.00,1692,2.25,15609,2020.09,0
2021.03.03 기준(장마감),047040,415622638,415622638,36967936,6700,2250,12.59,463,2020.09,6.00,1059,0.91,6438,2020.09,0
2021.03.03 기준(장마감),009240,23533928,23533928,5437612,123500,46000,35.46,2848,2020.09,26.00,3880,2.96,34065,2020.09,1.29
2021.03.03 기준(장마감),006650,6500000,6500000,1392096,405500,60600,25.91,13661,2020.09,9.00,38728,1.19,298140,2020.09,0.85
2021.03.03 기준(장마감),030000,115041225,115041225,37676855,23050,11550,16.78,1180,2020.09,14.00,1421,2.08,9506,2020.09,4.24
2021.03.03 기준(장마감),000880,74958735,74958735,14691612,37600,11850,12.29,2454,2020.09,7.00,4392,0.55,54354,2020.09,2.32
2021.03.03 기준(장마감),011210,27195083,27195083,2849902,108500,19850,17.89,4628,2020.09,18.00,4479,0.69,120437,2020.09,0.85
2021.03.03 기준(장마감),006260,32200000,32200000,4659404,80000,24050,0,-72,2020.09,11.00,6476,0.60,116525,2020.09,2.07
2021.03.03 기준(장마감),064350,109142293,109142293,5628422,24250,8730,0,-1761,2020.09,51.00,401,1.64,12404,2020.09,0
2021.03.03 기준(장마감),272210,110230389,110230389,3452175,22850,4670,28.33,706,2019.12,29.00,686,2.23,8978,2019.12,1.15
2021.03.03 기준(장마감),375500,19358738,19358738,4043268,136000,103500,0,0,,0,0,0,0,,0
2021.03.03 기준(장마감),003090,58141980,58141980,3213560,86700,6470,42.45,868,2020.09,0,0,2.42,15248,2020.09,0
2021.03.03 기준(장마감),010620,39942149,39942149,5357677,58100,20150,46.04,1162,2020.09,34.00,1584,0.91,59115,2020.09,0
2021.03.03 기준(장마감),007700,15400000,15400000,1572418,156000,79900,24.48,5657,2020.09,17.00,7917,4.22,32799,2020.09,0
2021.03.03 기준(장마감),007310,3671981,3671981,599157,627000,402000,19.60,29596,2020.09,15.00,39488,1.44,401831,2020.09,1.38
2021.03.03 기준(장마감),138930,325935246,325935246,128256674,6200,3565,4.29,1474,2020.09,4.00,1735,0.24,26771,2020.09,5.06
2021.03.03 기준(장마감),069960,23402441,23402441,3477547,85300,52600,17.95,4881,2020.09,11.00,7877,0.46,192456,2020.09,1.14
2021.03.03 기준(장마감),001450,89400000,89400000,32128777,28000,16600,5.53,4075,2020.09,6.00,4001,0.36,63157,2020.09,4.43
2021.03.03 기준(장마감),185750,11426099,11426099,1370840,273774,58093,20.70,8429,2020.09,0,0,3.64,47895,2020.09,0
2021.03.03 기준(장마감),012450,50630000,50630000,9238210,46650,14850,26.89,1426,2020.09,14.00,2675,0.77,50024,2020.09,1.57
2021.03.03 기준(장마감),111770,44311468,44311468,10924371,43450,16200,11.47,3696,2020.09,10.00,4101,0.94,45125,2020.09,0
2021.03.03 기준(장마감),002380,8886471,8886471,1057154,226500,106000,0,-315,2020.09,0,0,0.37,542803,2020.09,2.81
2021.03.03 기준(장마감),017800,40815191,40815191,11105782,52800,24208,19.48,2233,2020.09,13.00,3324,1.80,24203,2020.09,0
2021.03.03 기준(장마감),294870,65907330,65907330,6957665,32250,12000,6.66,4030,2020.09,5.00,5659,0.67,40352,2020.09,2.23
2021.03.03 기준(장마감),003000,64837978,64837978,3123912,42537,11879,13575.00,2,2020.09,0,0,6.75,4022,2020.09,0.34
2021.03.03 기준(장마감),005250,47028210,47028210,2611585,56300,14600,35.35,1058,2020.09,0,0,2.14,17448,2020.09,1.34
2021.03.03 기준(장마감),042670,216185809,216185809,13159498,10550,2500,10.39,775,2020.09,7.00,1139,0.69,11650,2020.09,0
2021.03.03 기준(장마감),004800,21071025,21071025,1860552,95000,48800,0,-2133,2020.09,0,0,0.72,112329,2020.09,6.15
2021.03.03 기준(장마감),010120,30000000,30000000,4068998,79200,25550,22.00,2595,2020.09,14.00,4162,1.20,47563,2020.09,1.93
2021.03.03 기준(장마감),004370,6082642,6082642,1011413,401500,233000,12.45,22289,2020.09,14.00,19449,0.79,351889,2020.09,1.44
2021.03.03 기준(장마감),010780,30892606,30892606,1610722,59300,15550,13.09,4148,2020.09,9.00,6028,1.41,38578,2020.09,0
2021.03.03 기준(장마감),000240,93020173,93020173,8386178,23400,7400,14.86,1198,2020.09,0,0,0.49,36684,2020.09,2.81
2021.03.03 기준(장마감),069620,11586575,11586575,532390,286500,63200,0,-143,2020.09,0,0,2.76,49193,2020.09,0
2021.03.03 기준(장마감),112610,21085715,21085715,1992493,108000,7710,49.09,1434,2020.09,33.00,2106,5.41,13002,2020.09,0.67
2021.03.03 기준(장마감),120110,26978840,26978840,4191612,59000,20300,9.76,5585,2020.09,13.00,4306,0.76,72011,2020.09,1.84
2021.03.03 기준(장마감),032350,69275662,69275662,3533158,22150,6800,0,-681,2020.09,0,0,5.31,3967,2020.09,0
2021.03.03 기준(장마감),031430,7140000,7140000,266585,220000,134000,31.43,6315,2020.09,22.00,8876,2.30,86264,2020.09,0.55
2021.03.03 기준(장마감),001740,248187647,248187647,29412882,5950,3820,0,-231,2020.09,22.00,254,0.56,9754,2020.09,2.18
2021.03.03 기준(장마감),004000,25800000,25800000,5878224,66500,23550,7.93,6631,2020.09,9.00,6094,0.85,62116,2020.09,2.85
2021.03.03 기준(장마감),161890,22881180,22881180,6551462,59900,30450,41.87,1390,2020.09,21.00,2821,2.67,21825,2020.09,0
2021.03.03 기준(장마감),013890,14406749,14406749,3243235,112000,39000,18.61,4955,2020.09,0,0,2.90,31826,2020.09,0.87
2021.03.03 기준(장마감),000210,15441262,15441262,4507569,97500,43328,4.41,18894,2020.09,0,0,0.49,169000,2020.09,1.56
2021.03.03 기준(장마감),014820,25618511,25618511,438339,63400,13100,28.10,1760,2020.09,0,0,2.62,18845,2020.09,1.21
2021.03.03 기준(장마감),051600,45000000,45000000,4559917,34200,24500,10.24,2694,2020.09,9.00,3155,1.20,22983,2020.09,0
2021.03.03 기준(장마감),004490,14000000,14000000,3465908,146500,22300,16.56,5279,2020.09,0,0,1.06,82357,2020.09,0.57
2021.03.03 기준(장마감),016380,100008897,100008897,96176,21300,4950,14.68,824,2020.09,0,0,1.28,9462,2020.09,0.83
2021.03.03 기준(장마감),214320,20000000,20000000,6023660,70400,41300,18.81,3211,2020.09,15.00,4033,1.56,38672,2020.09,2.98
2021.03.03 기준(장마감),006120,19037855,19037855,1917517,91600,15400,4.14,15229,2020.09,0,0,0.67,94360,2020.09,1.59
2021.03.03 기준(장마감),009420,52240638,52240638,3529640,41950,14650,60.48,377,2020.09,60.00,381,6.94,3285,2020.09,0
2021.03.03 기준(장마감),003520,182892731,182892731,7947161,12800,3530,0,-4,2020.09,0,0,9.98,646,2020.09,0
2021.03.03 기준(장마감),073240,287260287,287260287,15405510,4280,2585,0,-349,2020.09,0,0,0.97,4124,2020.09,0
2021.03.03 기준(장마감),000670,1842040,1842040,88086,660000,382000,6.13,100629,2020.09,0,0,0.31,1959363,2020.09,1.62
2021.03.03 기준(장마감),192820,10049509,10049509,2344380,127500,60000,27.97,4040,2020.09,19.00,6059,3.09,36511,2020.09,0
2021.03.03 기준(장마감),005300,8975123,8975123,930577,132500,78900,0,-9751,2020.09,20.00,5963,0.82,149063,2020.09,0
2021.03.03 기준(장마감),020560,74411764,37198441,14503079,29714,9705,0,-11565,2020.09,-7.00,-2211,2.19,6708,2020.09,0
2021.03.03 기준(장마감),003850,52120000,52120000,3540291,30100,7686,37.28,558,2020.09,33.00,633,3.04,6838,2020.09,0.44
2021.03.03 기준(장마감),001120,38760000,38760000,9612234,30000,6590,7.47,3670,2020.09,11.00,2422,0.71,38555,2020.09,1.46
2021.03.03 기준(장마감),003240,1113400,1113400,85699,1038000,487000,10.07,93173,2020.09,0,0,0.24,3976576,2020.09,0
2021.03.03 기준(장마감),192080,18374502,18374502,2423415,85800,35400,9.74,5832,2020.09,8.00,7495,1.39,40763,2020.09,0.62
2021.03.03 기준(장마감),103140,28024278,28024278,3538890,39700,13500,21.70,1643,2020.09,10.00,3670,0.71,50330,2020.09,1.68
2021.03.03 기준(장마감),114090,61855670,61855670,3822592,18150,10750,0,-215,2020.09,-46.00,-348,1.92,8420,2020.09,0
2021.03.03 기준(장마감),241590,60545435,60545435,2715851,16150,7750,23.15,702,2020.09,27.00,591,1.91,8497,2020.09,0
2021.03.03 기준(장마감),079160,35100000,35100000,2015965,30350,12608,0,-18557,2020.09,-10.00,-2791,7.09,3923,2020.09,0
2021.03.03 기준(장마감),007570,19085664,19085664,1586513,106500,19700,92.42,541,2020.09,0,0,4.50,11121,2020.09,0.24
2021.03.03 기준(장마감),057050,12000000,5880000,3524858,88400,42300,10.58,7494,2020.09,6.00,12874,0.50,157495,2020.09,2.77
2021.03.03 기준(장마감),020000,24630000,24630000,7134908,39650,15900,11.68,3300,2020.09,10.00,3847,0.78,49598,2020.09,1.17
2021.03.03 기준(장마감),093370,92606819,92606819,4842119,14000,4600,0,-55,2020.09,0,0,4.39,2324,2020.09,0
2021.03.03 기준(장마감),069260,40878588,40878588,3586031,27650,12100,19.59,1179,2020.09,11.00,2136,1.33,17352,2020.09,4.33
2021.03.03 기준(장마감),064960,14623136,14623136,3442858,81600,23900,17.32,3723,2020.12,11.00,5955,1.17,55310,2020.12,2.48
2021.03.03 기준(장마감),192400,7112437,7112437,417933,130500,58900,8.98,14536,2020.09,0,0,1.09,119584,2020.09,0
2021.03.03 기준(장마감),005440,97704482,97704482,11068486,9990,4815,22.21,426,2020.09,0,0,0.47,20075,2020.09,2.22
2021.03.03 기준(장마감),284740,22437330,22437330,1239662,48750,24000,11.88,3426,2020.09,0,0,1.86,21937,2020.09,0
2021.03.03 기준(장마감),001230,95432737,95432737,24503961,9560,2780,0,-570,2020.09,0,0,0.43,21689,2020.09,2.16
2021.03.03 기준(장마감),071840,23607712,23607712,2742011,45250,11050,0,-3112,2020.09,8.00,4832,0.44,84414,2020.09,3.21
2021.03.03 기준(장마감),001800,62645422,62645422,4072251,15150,10400,12.58,1113,2020.09,0,0,0.43,32821,2020.09,4.64
2021.03.03 기준(장마감),001680,34648025,34648025,5415842,30300,13150,5.99,4180,2020.09,7.00,3474,0.82,30643,2020.09,0
2021.03.03 기준(장마감),105630,40000000,40000000,3192807,21900,6810,129.75,163,2020.09,12.00,1739,1.97,10729,2020.09,2.36
2021.03.03 기준(장마감),079550,22000000,22000000,1493958,47050,15600,26.20,1454,2020.09,13.00,3047,1.25,30362,2020.09,2.36
2021.03.03 기준(장마감),000150,16523835,16523835,1203027,66700,25700,9.83,4908,2020.09,0,0,0.51,93908,2020.09,4.14
2021.03.03 기준(장마감),002350,97667877,97667877,6767666,8520,3815,53.93,150,2020.09,10.00,816,0.54,14976,2020.09,0
2021.03.03 기준(장마감),115390,53007638,53007638,38289576,15150,6420,59.07,248,2020.09,0,0,1.13,12931,2020.09,0
2021.03.03 기준(장마감),000070,8564271,8564271,660984,121500,32250,18.88,4793,2020.09,0,0,0.48,188938,2020.09,2.49
2021.03.03 기준(장마감),049770,3859124,3859124,243613,225000,127000,10.71,18539,2020.09,9.00,21345,1.04,190221,2020.09,1.76
2021.03.03 기준(장마감),018250,26409935,26409935,541157,29200,18500,35.67,726,2020.09,30.00,862,2.05,12609,2020.09,0.77
2021.03.03 기준(장마감),052690,38220000,38220000,1034649,20500,12800,28.26,628,2020.09,0,0,1.39,12750,2020.09,0
2021.03.03 기준(장마감),108670,8967670,8967670,1711474,102000,30350,21.64,3470,2020.09,14.00,5346,0.77,97816,2020.09,0.40
2021.03.03 기준(장마감),003230,7533015,7533015,591905,140000,68200,8.83,10119,2020.09,9.00,10461,1.99,45029,2020.09,0.89
2021.03.03 기준(장마감),012630,59741721,59741721,12775740,12750,6800,6.25,1768,2020.09,0,0,0.27,40345,2020.09,0
2021.03.03 기준(장마감),006390,16821290,16821290,43167,43850,15800,12.69,3037,2020.09,0,0,2.89,13342,2020.09,2.85
2021.03.03 기준(장마감),001060,21539926,21539926,1206845,44632,17891,0,-1378,2020.09,0,0,3.08,9516,2020.09,1.08
2021.03.03 기준(장마감),005610,8629009,8629009,202185,79100,39950,0,-1525,2020.09,15.00,4883,1.94,37037,2020.09,0
2021.03.03 기준(장마감),145990,10313449,10313449,483038,76500,23050,9.90,5726,2020.09,0,0,0.49,115104,2020.09,2.20
2021.03.03 기준(장마감),005180,9851241,9851241,2508770,80500,35050,11.41,5084,2020.09,0,0,0.85,68587,2020.09,0
2021.03.03 기준(장마감),008350,110179090,110179090,6306700,7980,2920,43.93,98,2020.09,0,0,2.52,1708,2020.09,0
2021.03.03 기준(장마감),009410,38899098,38899098,4131346,13950,4064,1.56,7723,2020.09,0,0,0.78,15418,2020.09,2.70
