2021-02-25,241560,33800.0,34500.0,33450.0,34750.0,221914.0
2021-02-24,241560,35000.0,33300.0,33050.0,35150.0,344879.0
2021-02-23,241560,34200.0,34950.0,34200.0,35250.0,274388.0
2021-02-22,241560,36250.0,34450.0,34300.0,36250.0,393061.0
2021-02-19,241560,35000.0,35600.0,34250.0,35800.0,253502.0
2021-02-18,241560,35800.0,35050.0,35050.0,36800.0,348548.0
2021-02-17,241560,35900.0,36400.0,35650.0,36950.0,391926.0
2021-02-16,241560,35850.0,36500.0,35450.0,36750.0,425424.0
2021-02-15,241560,35400.0,36200.0,35050.0,37100.0,695090.0
2021-02-10,241560,34000.0,35100.0,33700.0,35700.0,754671.0
2021-02-09,241560,33700.0,34200.0,33100.0,35600.0,2053077.0
2021-02-08,241560,33000.0,32150.0,32000.0,33600.0,541121.0
2021-02-05,241560,33050.0,32600.0,32350.0,33400.0,273384.0
2021-02-04,241560,32900.0,32800.0,31850.0,33250.0,355754.0
2021-02-03,241560,31650.0,32900.0,31650.0,33150.0,396771.0
2021-02-02,241560,31150.0,31500.0,30750.0,32050.0,244743.0
2021-02-01,241560,30350.0,31100.0,30150.0,31300.0,219247.0
2021-01-29,241560,32750.0,30350.0,30350.0,32800.0,408877.0
2021-01-28,241560,33150.0,32400.0,32000.0,33450.0,404774.0
2021-01-27,241560,33750.0,33900.0,33500.0,35900.0,1156189.0
2021-01-26,241560,33150.0,33200.0,32850.0,33500.0,326820.0
2021-01-25,241560,33200.0,33000.0,32700.0,33600.0,375974.0
2021-01-22,241560,32100.0,33200.0,31950.0,33500.0,625460.0
2021-01-21,241560,32350.0,32050.0,32000.0,32850.0,325200.0
2021-01-20,241560,32350.0,32350.0,31400.0,32400.0,478929.0
2021-01-19,241560,32400.0,32000.0,31900.0,32600.0,366281.0
2021-01-18,241560,32200.0,31700.0,31400.0,32850.0,396353.0
2021-01-15,241560,33700.0,32450.0,32150.0,33700.0,496830.0
2021-01-14,241560,33300.0,33350.0,32900.0,33800.0,598410.0
2021-01-13,241560,33550.0,33200.0,33050.0,33700.0,477214.0
2021-01-12,241560,32750.0,33100.0,32250.0,33900.0,784630.0
2021-01-11,241560,32050.0,32600.0,30900.0,32600.0,683954.0
2021-01-08,241560,32850.0,32500.0,31750.0,32950.0,659240.0
2021-01-07,241560,31800.0,32650.0,31600.0,33450.0,1956745.0
2021-01-06,241560,29900.0,30500.0,29650.0,30600.0,605406.0
2021-01-05,241560,29450.0,29800.0,29100.0,29850.0,309987.0
2021-01-04,241560,29500.0,29400.0,29150.0,29550.0,284656.0
2020-12-30,241560,29500.0,29650.0,29100.0,29800.0,270051.0
2020-12-29,241560,29650.0,29450.0,29050.0,29700.0,372079.0
2020-12-28,241560,30150.0,30150.0,29850.0,30400.0,339655.0
2020-12-24,241560,29550.0,30000.0,29300.0,30050.0,255182.0
2020-12-23,241560,29300.0,29550.0,29050.0,29750.0,199834.0
2020-12-22,241560,29800.0,29250.0,29200.0,29800.0,200368.0
2020-12-21,241560,30150.0,29800.0,29700.0,30150.0,210216.0
2020-12-18,241560,30300.0,30250.0,29850.0,30300.0,303851.0
2020-12-17,241560,30050.0,30250.0,29700.0,30250.0,350047.0
2020-12-16,241560,30350.0,30000.0,29900.0,30700.0,355837.0
2020-12-15,241560,30400.0,30350.0,29800.0,30550.0,419869.0
2020-12-14,241560,31200.0,30350.0,30250.0,31200.0,344781.0
2020-12-11,241560,30650.0,31200.0,30400.0,31350.0,555352.0
2020-12-10,241560,29800.0,30400.0,29350.0,30500.0,520866.0
2020-12-09,241560,29900.0,29800.0,29500.0,30150.0,372896.0
2020-12-08,241560,29400.0,29900.0,29100.0,29900.0,417654.0
2020-12-07,241560,29900.0,29000.0,28800.0,30100.0,436307.0
2020-12-04,241560,30700.0,29900.0,29800.0,30700.0,397179.0
2020-12-03,241560,30050.0,30750.0,29900.0,30750.0,342541.0
2020-12-02,241560,30800.0,30350.0,30300.0,30900.0,352110.0
2020-12-01,241560,30200.0,30750.0,30200.0,30750.0,215622.0
2020-11-30,241560,31050.0,30050.0,30050.0,31050.0,466510.0
2020-11-27,241560,31350.0,30900.0,30550.0,31450.0,350475.0
2020-11-26,241560,31350.0,31400.0,31050.0,31700.0,308770.0
2020-11-25,241560,31950.0,31150.0,30600.0,32400.0,472178.0
2020-11-24,241560,33350.0,32050.0,31650.0,33450.0,696509.0
2020-11-23,241560,32100.0,33350.0,31800.0,34000.0,511467.0
2020-11-20,241560,31100.0,32100.0,31000.0,32350.0,247939.0
2020-11-19,241560,31100.0,31450.0,30800.0,31450.0,286025.0
2020-11-18,241560,31100.0,31450.0,31050.0,31700.0,247453.0
2020-11-17,241560,32200.0,31350.0,31000.0,32500.0,298053.0
2020-11-16,241560,32100.0,32150.0,31000.0,32700.0,422619.0
2020-11-13,241560,31800.0,32050.0,31800.0,33500.0,640429.0
2020-11-12,241560,31800.0,32100.0,31250.0,32650.0,452235.0
2020-11-11,241560,32000.0,31900.0,31500.0,32550.0,466886.0
2020-11-10,241560,30750.0,32350.0,30450.0,32850.0,928826.0
2020-11-09,241560,30000.0,30450.0,29900.0,30550.0,533085.0
2020-11-06,241560,30000.0,29500.0,29250.0,30100.0,478554.0
2020-11-05,241560,30300.0,30300.0,29400.0,30350.0,601306.0
2020-11-04,241560,31700.0,30050.0,29750.0,32900.0,864774.0
2020-11-03,241560,31400.0,31500.0,30900.0,32100.0,515960.0
2020-11-02,241560,29200.0,31450.0,28950.0,31500.0,954289.0
2020-10-30,241560,28950.0,28850.0,28300.0,29500.0,567076.0
2020-10-29,241560,28650.0,28350.0,28100.0,29300.0,546712.0
2020-10-28,241560,28800.0,29400.0,28500.0,29450.0,484139.0
2020-10-27,241560,29950.0,29150.0,28800.0,30850.0,845881.0
2020-10-26,241560,32050.0,30900.0,30550.0,33300.0,728879.0
2020-10-23,241560,32150.0,32150.0,31300.0,32750.0,482181.0
2020-10-22,241560,31150.0,32150.0,30850.0,32850.0,1329069.0
2020-10-21,241560,29550.0,31350.0,29050.0,31850.0,1673174.0
2020-10-20,241560,29400.0,29350.0,28500.0,29500.0,577190.0
2020-10-19,241560,27700.0,29700.0,27600.0,30450.0,1637795.0
2020-10-16,241560,27300.0,27350.0,27050.0,27950.0,304339.0
2020-10-15,241560,27850.0,27500.0,27400.0,28200.0,254691.0
2020-10-14,241560,28500.0,27900.0,27800.0,28850.0,349547.0
2020-10-13,241560,28500.0,28650.0,28200.0,28800.0,232015.0
2020-10-12,241560,29400.0,28750.0,28250.0,29400.0,367422.0
2020-10-08,241560,29750.0,28950.0,28750.0,29750.0,394952.0
2020-10-07,241560,28550.0,29200.0,28500.0,29650.0,768397.0
2020-10-06,241560,28050.0,28550.0,27950.0,29700.0,866294.0
2020-10-05,241560,27400.0,28250.0,26700.0,28300.0,455091.0
2020-09-29,241560,27000.0,26900.0,26600.0,27150.0,283913.0
2020-09-28,241560,26400.0,26400.0,26200.0,27400.0,372995.0
2020-09-25,241560,26100.0,25950.0,25800.0,26450.0,282811.0
2020-09-24,241560,26950.0,25900.0,25700.0,26950.0,727008.0
2020-09-23,241560,28100.0,27400.0,27000.0,28250.0,405204.0
2020-09-22,241560,27900.0,27900.0,27250.0,29700.0,1818691.0
2020-09-21,241560,27250.0,27950.0,27150.0,28200.0,488386.0
2020-09-18,241560,27600.0,27250.0,26950.0,27600.0,259410.0
2020-09-17,241560,27100.0,27450.0,26900.0,27600.0,389338.0
2020-09-16,241560,27100.0,27150.0,27000.0,27300.0,190367.0
2020-09-15,241560,27200.0,27350.0,26850.0,27350.0,281241.0
2020-09-14,241560,27550.0,27250.0,27200.0,27700.0,262836.0
2020-09-11,241560,27300.0,27500.0,27000.0,27750.0,261787.0
2020-09-10,241560,27400.0,27700.0,27200.0,27900.0,525434.0
2020-09-09,241560,27400.0,27100.0,27000.0,27450.0,416982.0
2020-09-08,241560,29150.0,27750.0,27700.0,29200.0,500646.0
2020-09-07,241560,27000.0,28500.0,26650.0,30700.0,2332252.0
2020-09-04,241560,26700.0,26900.0,26450.0,27400.0,740718.0
2020-09-03,241560,26950.0,27600.0,26750.0,28450.0,750046.0
2020-09-02,241560,27200.0,26950.0,26550.0,27200.0,317935.0
2020-09-01,241560,26300.0,26650.0,26250.0,27200.0,347380.0
2020-08-31,241560,26700.0,26300.0,26300.0,27100.0,425303.0
2020-08-28,241560,26250.0,26450.0,26250.0,27300.0,415434.0
2020-08-27,241560,27150.0,26350.0,26200.0,27150.0,433464.0
2020-08-26,241560,27900.0,27200.0,27000.0,28150.0,322084.0
2020-08-25,241560,27000.0,27800.0,26900.0,27900.0,323401.0
2020-08-24,241560,27400.0,27050.0,26650.0,27800.0,307831.0
2020-08-21,241560,27950.0,27550.0,27350.0,28450.0,282828.0
2020-08-20,241560,28800.0,27950.0,27600.0,28900.0,652839.0
2020-08-19,241560,27000.0,27850.0,27000.0,28600.0,529681.0
2020-08-18,241560,29150.0,27000.0,26700.0,29150.0,581899.0
2020-08-14,241560,28250.0,29150.0,28000.0,29300.0,616998.0
2020-08-13,241560,29250.0,28450.0,28200.0,29400.0,525244.0
2020-08-12,241560,28100.0,29450.0,27650.0,29450.0,822247.0
2020-08-11,241560,27650.0,28150.0,27600.0,28450.0,687981.0
2020-08-10,241560,27400.0,27300.0,26750.0,27600.0,326463.0
2020-08-07,241560,27800.0,27150.0,26800.0,28900.0,1865915.0
2020-08-06,241560,27000.0,26700.0,26550.0,27600.0,353309.0
2020-08-05,241560,26450.0,26800.0,26450.0,27050.0,272755.0
2020-08-04,241560,26100.0,26650.0,26000.0,26950.0,400312.0
2020-08-03,241560,26850.0,26100.0,25750.0,26900.0,520450.0
2020-07-31,241560,28000.0,26950.0,26850.0,28100.0,510595.0
2020-07-30,241560,28250.0,28050.0,27750.0,28400.0,268806.0
2020-07-29,241560,27900.0,28050.0,27600.0,28550.0,391334.0
2020-07-28,241560,28550.0,27950.0,27650.0,28550.0,380374.0
2020-07-27,241560,27400.0,28150.0,27400.0,28400.0,660916.0
2020-07-24,241560,26950.0,27500.0,26700.0,27700.0,409969.0
2020-07-23,241560,27000.0,27200.0,26400.0,27500.0,454366.0
2020-07-22,241560,27250.0,26800.0,26200.0,27900.0,873604.0
2020-07-21,241560,25800.0,27600.0,25650.0,30150.0,4416478.0
2020-07-20,241560,25550.0,25600.0,25300.0,25850.0,259018.0
2020-07-17,241560,25650.0,25550.0,25300.0,25650.0,182374.0
2020-07-16,241560,25600.0,25450.0,25350.0,26100.0,247959.0
2020-07-15,241560,26150.0,25600.0,25550.0,26450.0,461015.0
2020-07-14,241560,26650.0,25650.0,25500.0,26650.0,396351.0
2020-07-13,241560,25600.0,26400.0,25300.0,26550.0,350321.0
2020-07-10,241560,25600.0,25500.0,25200.0,26150.0,302045.0
2020-07-09,241560,26200.0,25900.0,25500.0,26350.0,363523.0
2020-07-08,241560,26250.0,26200.0,25750.0,26450.0,269483.0
2020-07-07,241560,26950.0,26250.0,26250.0,26950.0,305161.0
2020-07-06,241560,26600.0,26650.0,26150.0,27800.0,543627.0
2020-07-03,241560,26550.0,26000.0,25900.0,26700.0,218333.0
2020-07-02,241560,26000.0,26300.0,25850.0,26450.0,218735.0
2020-07-01,241560,26650.0,26000.0,25600.0,26900.0,384661.0
2020-06-30,241560,25400.0,26300.0,25400.0,26600.0,488509.0
2020-06-29,241560,25000.0,25250.0,24700.0,25400.0,401779.0
2020-06-26,241560,26000.0,25800.0,25250.0,26550.0,543988.0
2020-06-25,241560,26700.0,25600.0,25450.0,26750.0,756942.0
2020-06-24,241560,27800.0,27300.0,27150.0,28050.0,525888.0
2020-06-23,241560,27800.0,27300.0,27200.0,28550.0,798192.0
2020-06-22,241560,27750.0,27250.0,27250.0,28400.0,543364.0
2020-06-19,241560,27400.0,28200.0,27300.0,29150.0,1233164.0
2020-06-18,241560,29150.0,27400.0,27300.0,29600.0,1011728.0
2020-06-17,241560,29250.0,28850.0,27950.0,31200.0,3459815.0
2020-06-16,241560,26100.0,29100.0,25050.0,30300.0,6663269.0
2020-06-15,241560,26750.0,24650.0,24650.0,27500.0,817600.0
2020-06-12,241560,26550.0,26800.0,26500.0,27500.0,886740.0
2020-06-11,241560,29250.0,28650.0,28250.0,29450.0,848561.0
2020-06-10,241560,29650.0,29800.0,29000.0,30600.0,1239680.0
2020-06-09,241560,30650.0,30000.0,29100.0,31050.0,1561116.0
2020-06-08,241560,28650.0,31850.0,27650.0,33300.0,6247437.0
2020-06-05,241560,26600.0,27050.0,26450.0,27450.0,425913.0
2020-06-04,241560,28000.0,26900.0,26800.0,28500.0,927062.0
2020-06-03,241560,25650.0,26850.0,25650.0,28650.0,2476409.0
2020-06-02,241560,24450.0,25250.0,24400.0,25350.0,583395.0
2020-06-01,241560,23750.0,24350.0,23750.0,26000.0,1259604.0
2020-05-29,241560,23350.0,23700.0,23050.0,24050.0,538697.0
2020-05-28,241560,24150.0,23500.0,23150.0,24900.0,480255.0
2020-05-27,241560,23100.0,24000.0,22900.0,24350.0,702801.0
2020-05-26,241560,23100.0,23100.0,22800.0,23300.0,451877.0
2020-05-25,241560,23450.0,23100.0,22800.0,23550.0,268566.0
2020-05-22,241560,24650.0,23100.0,22850.0,24750.0,523787.0
2020-05-21,241560,24600.0,24450.0,24250.0,25350.0,531411.0
2020-05-20,241560,24450.0,24350.0,23900.0,24500.0,428702.0
2020-05-19,241560,23550.0,24550.0,23450.0,24750.0,980151.0
2020-05-18,241560,23200.0,23050.0,22800.0,23200.0,323590.0
2020-05-15,241560,22800.0,22800.0,22150.0,24800.0,1584519.0
2020-05-14,241560,23450.0,23200.0,23000.0,23600.0,356174.0
2020-05-13,241560,23300.0,23700.0,23300.0,24150.0,285659.0
2020-05-12,241560,24350.0,23950.0,23500.0,24900.0,499837.0
2020-05-11,241560,23150.0,24150.0,22900.0,24950.0,867351.0
2020-05-08,241560,23800.0,23250.0,23200.0,23800.0,332363.0
2020-05-07,241560,23700.0,23450.0,23200.0,23850.0,283623.0
2020-05-06,241560,23150.0,23850.0,22900.0,23950.0,434022.0
2020-05-04,241560,22850.0,22800.0,22500.0,23250.0,452558.0
2020-04-29,241560,23250.0,23500.0,22900.0,23550.0,669451.0
2020-04-28,241560,23350.0,22950.0,22200.0,23800.0,681138.0
2020-04-27,241560,22400.0,22750.0,22350.0,23050.0,486871.0
2020-04-24,241560,23700.0,22600.0,22500.0,23800.0,686023.0
2020-04-23,241560,24650.0,24150.0,23750.0,24950.0,565780.0
2020-04-22,241560,24500.0,24450.0,23550.0,24700.0,636539.0
2020-04-21,241560,24650.0,24450.0,22850.0,25050.0,1147474.0
2020-04-20,241560,22850.0,24900.0,22800.0,26450.0,2632247.0
2020-04-17,241560,21750.0,22450.0,21700.0,22550.0,811049.0
2020-04-16,241560,21850.0,21600.0,21100.0,22700.0,1066343.0
2020-04-14,241560,22600.0,22250.0,21850.0,23200.0,1043555.0
2020-04-13,241560,22500.0,22200.0,21850.0,23250.0,804323.0
2020-04-10,241560,21500.0,22600.0,21300.0,25500.0,3419128.0
2020-04-09,241560,21650.0,21100.0,20850.0,21650.0,578321.0
2020-04-08,241560,21250.0,21000.0,20600.0,21600.0,574218.0
2020-04-07,241560,22250.0,21550.0,21250.0,22250.0,775026.0
2020-04-06,241560,21300.0,21400.0,20600.0,21650.0,662927.0
2020-04-03,241560,20100.0,20350.0,20000.0,23000.0,1705262.0
2020-04-02,241560,21450.0,19850.0,18750.0,22450.0,1573164.0
2020-04-01,241560,18000.0,21000.0,17950.0,23300.0,1481838.0
2020-03-31,241560,17400.0,17950.0,17200.0,18400.0,490408.0
2020-03-30,241560,18000.0,17200.0,16850.0,18000.0,514919.0
2020-03-27,241560,18800.0,18150.0,16950.0,19000.0,421583.0
2020-03-26,241560,17000.0,17350.0,16400.0,18050.0,481035.0
2020-03-25,241560,16000.0,17000.0,15700.0,17300.0,444939.0
2020-03-24,241560,14400.0,15450.0,14000.0,15450.0,264171.0
2020-03-23,241560,13300.0,14300.0,13250.0,14750.0,371810.0
2020-03-20,241560,13850.0,14700.0,13050.0,15200.0,566771.0
2020-03-19,241560,17250.0,13700.0,13450.0,17450.0,527847.0
2020-03-18,241560,19500.0,17150.0,17150.0,20400.0,413009.0
2020-03-17,241560,20200.0,19950.0,19550.0,20950.0,320999.0
2020-03-16,241560,21700.0,21500.0,20300.0,22400.0,245238.0
2020-03-13,241560,20650.0,21100.0,19550.0,23300.0,599321.0
2020-03-12,241560,24850.0,24300.0,23850.0,25250.0,316449.0
2020-03-11,241560,26700.0,25350.0,25300.0,27200.0,320509.0
2020-03-10,241560,28250.0,26850.0,26600.0,28250.0,207838.0
2020-03-09,241560,28000.0,27500.0,27400.0,28100.0,110587.0
2020-03-06,241560,29200.0,28450.0,28400.0,29200.0,165753.0
2020-03-05,241560,28650.0,29300.0,28300.0,29300.0,138764.0
2020-03-04,241560,28150.0,28600.0,27950.0,28700.0,114917.0
2020-03-03,241560,28200.0,28100.0,28050.0,28600.0,149313.0
2020-03-02,241560,29000.0,28000.0,27850.0,29000.0,163484.0
2020-02-28,241560,28250.0,28400.0,27600.0,28400.0,313721.0
2020-02-27,241560,27200.0,28250.0,27200.0,28800.0,198038.0
2020-02-26,241560,27850.0,27800.0,27300.0,28050.0,196967.0
2020-02-25,241560,26950.0,27950.0,26950.0,28250.0,195578.0
2020-02-24,241560,28050.0,26950.0,26800.0,28100.0,259355.0
2020-02-21,241560,28800.0,28100.0,28100.0,28850.0,436864.0
2020-02-20,241560,30200.0,29050.0,28950.0,30500.0,277656.0
2020-02-19,241560,30400.0,30250.0,30100.0,30600.0,110978.0
2020-02-18,241560,30050.0,30100.0,30000.0,30450.0,178988.0
2020-02-17,241560,30200.0,30350.0,29950.0,30350.0,125151.0
2020-02-14,241560,30700.0,29950.0,29950.0,30750.0,178572.0
2020-02-13,241560,30950.0,30650.0,30600.0,31000.0,163839.0
2020-02-12,241560,30150.0,30850.0,30150.0,30850.0,174308.0
2020-02-11,241560,30300.0,30450.0,29950.0,30450.0,167543.0
2020-02-10,241560,29950.0,30250.0,29750.0,30400.0,251913.0
2020-02-07,241560,30600.0,30150.0,30100.0,30850.0,357152.0
2020-02-06,241560,30450.0,30600.0,30300.0,30900.0,108531.0
2020-02-05,241560,30100.0,30200.0,29900.0,30500.0,200004.0
2020-02-04,241560,30050.0,30050.0,29750.0,30350.0,200853.0
2020-02-03,241560,30300.0,30350.0,30050.0,30700.0,147248.0
2020-01-31,241560,31100.0,30800.0,30600.0,31100.0,127373.0
2020-01-30,241560,31250.0,30800.0,30800.0,31450.0,131610.0
2020-01-29,241560,30850.0,31000.0,30450.0,31350.0,198521.0
2020-01-28,241560,31500.0,30900.0,30850.0,31700.0,180871.0
2020-01-23,241560,31600.0,31550.0,31350.0,31700.0,350741.0
2020-01-22,241560,32200.0,31850.0,31750.0,32200.0,132939.0
2020-01-21,241560,32300.0,32150.0,32150.0,32800.0,95352.0
2020-01-20,241560,32450.0,32300.0,32050.0,32700.0,94723.0
2020-01-17,241560,32900.0,32650.0,32600.0,33350.0,128675.0
2020-01-16,241560,33600.0,33200.0,33000.0,33750.0,261906.0
2020-01-15,241560,33350.0,33950.0,33300.0,34000.0,97298.0
2020-01-14,241560,33300.0,33750.0,33100.0,33950.0,127229.0
2020-01-13,241560,32900.0,33100.0,32900.0,33350.0,67191.0
2020-01-10,241560,33100.0,33000.0,32750.0,33100.0,120289.0
2020-01-09,241560,32900.0,33350.0,32900.0,33450.0,111171.0
2020-01-08,241560,32950.0,32900.0,32350.0,33100.0,171951.0
2020-01-07,241560,33850.0,33750.0,33500.0,34250.0,69340.0
2020-01-06,241560,33950.0,33550.0,33350.0,34600.0,92858.0
2020-01-03,241560,34000.0,34250.0,33700.0,34650.0,126193.0
2020-01-02,241560,33900.0,33750.0,33700.0,34250.0,92442.0
2019-12-30,241560,35300.0,34350.0,34250.0,35300.0,111027.0
2019-12-27,241560,34300.0,35150.0,34200.0,35400.0,131877.0
2019-12-26,241560,35900.0,35500.0,35000.0,35900.0,73022.0
2019-12-24,241560,35350.0,35350.0,34750.0,35550.0,80050.0
2019-12-23,241560,35450.0,35500.0,34800.0,35750.0,141110.0
2019-12-20,241560,34350.0,35450.0,33750.0,35450.0,179380.0
2019-12-19,241560,33900.0,34000.0,33400.0,34000.0,68398.0
2019-12-18,241560,33000.0,33600.0,32950.0,33750.0,144467.0
2019-12-17,241560,33000.0,33550.0,32850.0,33750.0,137060.0
2019-12-16,241560,34300.0,33450.0,33050.0,34600.0,180275.0
2019-12-13,241560,33900.0,34300.0,33750.0,34400.0,130899.0
2019-12-12,241560,32800.0,33900.0,32750.0,34200.0,311831.0
2019-12-11,241560,33050.0,32900.0,32600.0,33100.0,87119.0
2019-12-10,241560,32450.0,32550.0,32300.0,32950.0,66393.0
2019-12-09,241560,32850.0,32700.0,32450.0,33050.0,63846.0
2019-12-06,241560,32500.0,32850.0,32450.0,33100.0,100865.0
2019-12-05,241560,31950.0,32500.0,31950.0,32700.0,96398.0
2019-12-04,241560,31850.0,32150.0,31850.0,32750.0,180554.0
2019-12-03,241560,31350.0,32350.0,31250.0,32450.0,149957.0
2019-12-02,241560,31500.0,31800.0,31400.0,32100.0,103647.0
2019-11-29,241560,31900.0,31300.0,31200.0,32050.0,1402371.0
2019-11-28,241560,32250.0,31850.0,31800.0,32300.0,87436.0
2019-11-27,241560,33250.0,32600.0,32400.0,33300.0,88814.0
2019-11-26,241560,32750.0,33000.0,32250.0,33000.0,181498.0
2019-11-25,241560,32100.0,32450.0,32100.0,32750.0,101173.0
2019-11-22,241560,31950.0,32450.0,31700.0,32450.0,94580.0
2019-11-21,241560,32100.0,31750.0,31550.0,32300.0,144553.0
2019-11-20,241560,31900.0,32550.0,31900.0,32600.0,121227.0
2019-11-19,241560,32050.0,32450.0,31800.0,32600.0,117059.0
2019-11-18,241560,32850.0,32350.0,32050.0,33050.0,108427.0
2019-11-15,241560,32000.0,32800.0,31600.0,32850.0,142535.0
2019-11-14,241560,31850.0,32000.0,31600.0,32000.0,137310.0
2019-11-13,241560,32700.0,31800.0,31700.0,32700.0,112512.0
2019-11-12,241560,32600.0,32700.0,32200.0,32800.0,77842.0
2019-11-11,241560,32750.0,32550.0,32000.0,33000.0,115585.0
2019-11-08,241560,32100.0,32850.0,32000.0,32900.0,120899.0
2019-11-07,241560,31700.0,32150.0,31700.0,32300.0,69994.0
2019-11-06,241560,32450.0,32050.0,32000.0,32850.0,130394.0
2019-11-05,241560,31850.0,32800.0,31650.0,32800.0,185026.0
2019-11-04,241560,32050.0,31800.0,31450.0,32050.0,107750.0
2019-11-01,241560,31500.0,31700.0,31300.0,31750.0,98903.0
2019-10-31,241560,31450.0,31500.0,31200.0,32100.0,206385.0
2019-10-30,241560,32000.0,31450.0,31300.0,32200.0,192738.0
2019-10-29,241560,32450.0,32050.0,32050.0,32650.0,114084.0
2019-10-28,241560,32500.0,32450.0,32200.0,32900.0,68404.0
2019-10-25,241560,32050.0,32200.0,31900.0,32700.0,96319.0
2019-10-24,241560,31900.0,32550.0,31900.0,32550.0,143678.0
2019-10-23,241560,33150.0,32350.0,32100.0,33600.0,132514.0
2019-10-22,241560,32750.0,33150.0,32550.0,33500.0,99892.0
2019-10-21,241560,33300.0,32750.0,32500.0,33300.0,94378.0
2019-10-18,241560,33250.0,32800.0,32600.0,33450.0,137940.0
2019-10-17,241560,32650.0,33050.0,32300.0,33300.0,339943.0
2019-10-16,241560,32500.0,32450.0,32200.0,32900.0,154785.0
2019-10-15,241560,32150.0,32750.0,32100.0,32850.0,149054.0
2019-10-14,241560,31850.0,32450.0,31800.0,32700.0,233304.0
2019-10-11,241560,32100.0,31650.0,31550.0,32200.0,219632.0
2019-10-10,241560,32000.0,31850.0,31550.0,32400.0,239801.0
2019-10-08,241560,33100.0,32400.0,32100.0,33300.0,208428.0
2019-10-07,241560,34100.0,33100.0,32800.0,34450.0,133216.0
2019-10-04,241560,35050.0,34050.0,33950.0,35050.0,85512.0
2019-10-02,241560,34450.0,34550.0,34350.0,35050.0,111726.0
2019-10-01,241560,35400.0,34900.0,34700.0,35400.0,98047.0
2019-09-30,241560,33950.0,35400.0,33950.0,35400.0,150175.0
2019-09-27,241560,34800.0,33900.0,33750.0,34800.0,110840.0
2019-09-26,241560,34550.0,34450.0,34200.0,35000.0,116057.0
2019-09-25,241560,35650.0,34750.0,34750.0,35850.0,105849.0
2019-09-24,241560,35600.0,35350.0,35350.0,35850.0,135522.0
2019-09-23,241560,35350.0,35550.0,35000.0,35700.0,91017.0
2019-09-20,241560,35000.0,35300.0,34950.0,35600.0,207290.0
2019-09-19,241560,35600.0,35350.0,35250.0,35850.0,78294.0
2019-09-18,241560,36800.0,35850.0,35750.0,36850.0,91427.0
2019-09-17,241560,36100.0,36800.0,36100.0,37300.0,66892.0
2019-09-16,241560,37700.0,37100.0,36000.0,37750.0,104109.0
2019-09-11,241560,37250.0,36750.0,36450.0,37450.0,217300.0
2019-09-10,241560,36200.0,36650.0,35900.0,36650.0,105673.0
2019-09-09,241560,35400.0,35900.0,35350.0,36050.0,84160.0
2019-09-06,241560,35700.0,35450.0,35350.0,36200.0,51257.0
2019-09-05,241560,35500.0,35900.0,35450.0,36050.0,93828.0
2019-09-04,241560,35450.0,35900.0,35300.0,36150.0,116416.0
2019-09-03,241560,35750.0,35900.0,35550.0,36100.0,119413.0
2019-09-02,241560,35500.0,35700.0,35450.0,36150.0,47081.0
2019-08-30,241560,36300.0,35850.0,35350.0,36650.0,135395.0
2019-08-29,241560,35500.0,35650.0,35250.0,36000.0,96995.0
2019-08-28,241560,35600.0,35500.0,35000.0,35900.0,130916.0
2019-08-27,241560,35350.0,35300.0,35100.0,35600.0,181706.0
2019-08-26,241560,35550.0,35300.0,34450.0,35550.0,91187.0
2019-08-23,241560,36050.0,35800.0,35750.0,36250.0,72402.0
2019-08-22,241560,36050.0,35900.0,35650.0,36300.0,142951.0
2019-08-21,241560,35700.0,36100.0,35650.0,36400.0,116172.0
2019-08-20,241560,35450.0,35800.0,35450.0,36200.0,139793.0
2019-08-19,241560,35200.0,35700.0,35100.0,36100.0,123800.0
2019-08-16,241560,34550.0,35450.0,34400.0,35650.0,134034.0
2019-08-14,241560,35500.0,35100.0,34950.0,36000.0,119343.0
2019-08-13,241560,35250.0,35750.0,35250.0,36100.0,114392.0
2019-08-12,241560,35150.0,35750.0,35150.0,36450.0,100528.0
2019-08-09,241560,34600.0,35750.0,34350.0,36100.0,187141.0
2019-08-08,241560,34700.0,34150.0,34100.0,35100.0,218766.0
2019-08-07,241560,33250.0,34600.0,33100.0,34700.0,178042.0
2019-08-06,241560,35250.0,33400.0,33300.0,35250.0,268381.0
2019-08-05,241560,35000.0,35250.0,35000.0,36050.0,161244.0
2019-08-02,241560,35650.0,35250.0,34800.0,35850.0,211505.0
2019-08-01,241560,35550.0,36050.0,34850.0,36200.0,133371.0
2019-07-31,241560,35600.0,35900.0,34800.0,36100.0,164662.0
2019-07-30,241560,37000.0,35250.0,34950.0,37000.0,193219.0
2019-07-29,241560,35150.0,35900.0,35100.0,36100.0,123201.0
2019-07-26,241560,36550.0,35650.0,35450.0,36550.0,193973.0
2019-07-25,241560,36550.0,36200.0,35750.0,36600.0,134208.0
2019-07-24,241560,36100.0,36600.0,35450.0,37250.0,271682.0
2019-07-23,241560,35500.0,35750.0,35150.0,35950.0,161496.0
2019-07-22,241560,35650.0,35700.0,35200.0,36050.0,114380.0
2019-07-19,241560,36100.0,35650.0,35400.0,36250.0,117756.0
2019-07-18,241560,35950.0,36050.0,35500.0,36250.0,120978.0
2019-07-17,241560,35700.0,36250.0,35100.0,36400.0,160260.0
2019-07-16,241560,36350.0,35600.0,35100.0,36350.0,84646.0
2019-07-15,241560,36200.0,36050.0,35750.0,36650.0,88749.0
2019-07-12,241560,35650.0,36100.0,35550.0,36400.0,166121.0
2019-07-11,241560,35050.0,35350.0,35000.0,36150.0,145150.0
2019-07-10,241560,35650.0,35550.0,33000.0,36000.0,150521.0
2019-07-09,241560,35950.0,35650.0,35250.0,36300.0,152557.0
2019-07-08,241560,35950.0,35950.0,35800.0,36450.0,126254.0
2019-07-05,241560,36200.0,36450.0,36150.0,36800.0,130894.0
2019-07-04,241560,36150.0,36150.0,35800.0,36650.0,160765.0
2019-07-03,241560,36100.0,36100.0,35750.0,36200.0,108505.0
2019-07-02,241560,35600.0,36100.0,35400.0,36100.0,120764.0
2019-07-01,241560,36500.0,36250.0,35750.0,36950.0,170656.0
2019-06-28,241560,36750.0,36400.0,36000.0,37050.0,236699.0
2019-06-27,241560,36700.0,36800.0,36050.0,36800.0,221787.0
2019-06-26,241560,36900.0,37000.0,36550.0,37150.0,254109.0
2019-06-25,241560,36300.0,36900.0,36300.0,37050.0,163664.0
2019-06-24,241560,36050.0,36650.0,36000.0,36950.0,160798.0
2019-06-21,241560,36150.0,36300.0,35850.0,36500.0,259231.0
2019-06-20,241560,36000.0,36100.0,35600.0,36150.0,131973.0
2019-06-19,241560,35300.0,35900.0,35050.0,35900.0,120713.0
2019-06-18,241560,34350.0,35300.0,34350.0,35400.0,110485.0
2019-06-17,241560,34350.0,34700.0,34350.0,35250.0,104177.0
2019-06-14,241560,34450.0,34800.0,33700.0,34800.0,171675.0
2019-06-13,241560,34500.0,34650.0,33650.0,34650.0,201221.0
2019-06-12,241560,33800.0,34500.0,33550.0,34500.0,131942.0
2019-06-11,241560,33950.0,33750.0,33450.0,34250.0,132280.0
2019-06-10,241560,33700.0,34250.0,33400.0,34250.0,130780.0
2019-06-07,241560,33050.0,33250.0,32850.0,33500.0,121907.0
2019-06-05,241560,33250.0,32950.0,32800.0,33450.0,129559.0
2019-06-04,241560,34400.0,33150.0,32850.0,34400.0,209499.0
2019-06-03,241560,33700.0,34200.0,33050.0,34250.0,240869.0
2019-05-31,241560,34000.0,33700.0,33200.0,34000.0,256823.0
2019-05-30,241560,33750.0,34000.0,32650.0,34000.0,186190.0
2019-05-29,241560,33600.0,33050.0,32600.0,33900.0,169129.0
2019-05-28,241560,32850.0,33500.0,32500.0,33500.0,583056.0
2019-05-27,241560,31950.0,32650.0,31400.0,33200.0,302693.0
2019-05-24,241560,32200.0,31500.0,31250.0,32400.0,152744.0
2019-05-23,241560,32400.0,32000.0,31700.0,32500.0,137900.0
2019-05-22,241560,32200.0,32150.0,31750.0,32350.0,110617.0
2019-05-21,241560,31300.0,31950.0,31300.0,32350.0,104787.0
2019-05-20,241560,32400.0,31950.0,31850.0,32450.0,101389.0
2019-05-17,241560,31800.0,31900.0,31800.0,32450.0,146935.0
2019-05-16,241560,32500.0,32300.0,32050.0,32850.0,117007.0
2019-05-15,241560,32300.0,32850.0,31800.0,32850.0,136824.0
2019-05-14,241560,32350.0,32450.0,31250.0,32600.0,222981.0
2019-05-13,241560,31900.0,32400.0,31300.0,32950.0,219652.0
2019-05-10,241560,32050.0,32200.0,31700.0,32550.0,128400.0
2019-05-09,241560,32750.0,31950.0,31950.0,32750.0,293669.0
2019-05-08,241560,32200.0,33000.0,32150.0,33400.0,253367.0
2019-05-07,241560,32350.0,32550.0,31700.0,32750.0,247411.0
2019-05-03,241560,33700.0,33100.0,33050.0,33800.0,166766.0
2019-05-02,241560,32500.0,33650.0,32500.0,33750.0,518629.0
2019-04-30,241560,31800.0,31950.0,31150.0,31950.0,181396.0
2019-04-29,241560,31200.0,31700.0,31100.0,31750.0,148894.0
2019-04-26,241560,31650.0,31200.0,31000.0,31650.0,139374.0
2019-04-25,241560,31550.0,31450.0,31250.0,31700.0,170659.0
2019-04-24,241560,31650.0,31550.0,31000.0,32100.0,228702.0
2019-04-23,241560,31650.0,31900.0,31350.0,31950.0,183893.0
2019-04-22,241560,31000.0,31600.0,30900.0,31600.0,144770.0
2019-04-19,241560,31200.0,31000.0,30700.0,31400.0,116852.0
2019-04-18,241560,31350.0,31200.0,31100.0,31600.0,115831.0
2019-04-17,241560,31400.0,31300.0,31100.0,31400.0,112016.0
2019-04-16,241560,31550.0,31500.0,31350.0,31900.0,99093.0
2019-04-15,241560,31650.0,31900.0,31550.0,32100.0,145037.0
2019-04-12,241560,31150.0,31650.0,31100.0,31800.0,185950.0
2019-04-11,241560,31250.0,31150.0,31150.0,31650.0,144640.0
2019-04-10,241560,31500.0,31200.0,31200.0,31550.0,92094.0
2019-04-09,241560,31250.0,31400.0,31100.0,31750.0,142369.0
2019-04-08,241560,31250.0,31150.0,30950.0,31450.0,168667.0
2019-04-05,241560,31250.0,31350.0,31200.0,31500.0,146429.0
2019-04-04,241560,31100.0,31400.0,31100.0,31450.0,145192.0
2019-04-03,241560,30850.0,31250.0,30850.0,31400.0,139678.0
2019-04-02,241560,31000.0,31150.0,30950.0,31400.0,194848.0
2019-04-01,241560,30800.0,31150.0,30750.0,31400.0,229331.0
2019-03-29,241560,31000.0,30900.0,30700.0,31100.0,135247.0
2019-03-28,241560,30650.0,30900.0,30550.0,31150.0,226060.0
2019-03-27,241560,30400.0,30850.0,30400.0,31000.0,131545.0
2019-03-26,241560,30450.0,30350.0,30250.0,30700.0,150933.0
2019-03-25,241560,30600.0,30150.0,30150.0,30650.0,150293.0
2019-03-22,241560,30350.0,30600.0,30250.0,30950.0,209605.0
2019-03-21,241560,30900.0,30400.0,30300.0,31050.0,239386.0
2019-03-20,241560,31050.0,30600.0,30600.0,31050.0,204335.0
2019-03-19,241560,31050.0,31050.0,30900.0,31150.0,179955.0
2019-03-18,241560,31300.0,31050.0,30900.0,31400.0,185598.0
2019-03-15,241560,31000.0,31000.0,31000.0,31650.0,536406.0
2019-03-14,241560,31000.0,31150.0,30900.0,31400.0,263892.0
2019-03-13,241560,31000.0,30900.0,30750.0,31250.0,163292.0
2019-03-12,241560,31050.0,31100.0,30900.0,31300.0,190183.0
2019-03-11,241560,30950.0,31050.0,30650.0,31300.0,171311.0
2019-03-08,241560,31100.0,30650.0,30650.0,31450.0,230744.0
2019-03-07,241560,31600.0,31500.0,31300.0,31900.0,164170.0
2019-03-06,241560,31550.0,31400.0,31200.0,31800.0,152635.0
2019-03-05,241560,31150.0,31650.0,31050.0,31800.0,161799.0
2019-03-04,241560,32050.0,31300.0,30950.0,32050.0,368340.0
2019-02-28,241560,32100.0,31900.0,31650.0,32100.0,311161.0
2019-02-27,241560,31800.0,31950.0,31350.0,32050.0,207052.0
2019-02-26,241560,31800.0,31900.0,31750.0,32100.0,236215.0
2019-02-25,241560,31800.0,31950.0,31550.0,32050.0,246604.0
2019-02-22,241560,31600.0,31500.0,31100.0,31900.0,511581.0
2019-02-21,241560,31550.0,31600.0,31450.0,31750.0,322432.0
2019-02-20,241560,31450.0,31450.0,31050.0,31650.0,450410.0
2019-02-19,241560,31550.0,31600.0,31300.0,31850.0,803173.0
2019-02-18,241560,31000.0,31500.0,30850.0,31600.0,698771.0
2019-02-15,241560,31050.0,30750.0,30500.0,31150.0,478318.0
2019-02-14,241560,31700.0,31000.0,30650.0,31800.0,558705.0
2019-02-13,241560,34300.0,31950.0,31800.0,34350.0,584110.0
2019-02-12,241560,34450.0,34550.0,33850.0,34900.0,228671.0
2019-02-11,241560,34050.0,33850.0,33450.0,34100.0,264538.0
2019-02-08,241560,34100.0,33550.0,33350.0,34100.0,145910.0
2019-02-07,241560,33550.0,33900.0,33000.0,34100.0,130629.0
2019-02-01,241560,33200.0,33650.0,33050.0,34300.0,179125.0
2019-01-31,241560,34350.0,33200.0,33150.0,34350.0,239921.0
2019-01-30,241560,33300.0,33750.0,32950.0,33750.0,202464.0
2019-01-29,241560,32950.0,33000.0,32600.0,33000.0,173208.0
2019-01-28,241560,32800.0,33200.0,32800.0,33350.0,153199.0
2019-01-25,241560,33300.0,33000.0,32950.0,33500.0,165636.0
2019-01-24,241560,33700.0,33750.0,33150.0,33900.0,175238.0
2019-01-23,241560,33450.0,33650.0,33250.0,33800.0,127834.0
2019-01-22,241560,33600.0,33600.0,32950.0,33850.0,135306.0
2019-01-21,241560,33800.0,33700.0,33050.0,33950.0,157494.0
2019-01-18,241560,33750.0,33750.0,33200.0,33900.0,191919.0
2019-01-17,241560,33300.0,33400.0,33100.0,33750.0,164215.0
2019-01-16,241560,33350.0,33650.0,33000.0,33700.0,219080.0
2019-01-15,241560,32800.0,33350.0,32550.0,33450.0,170102.0
2019-01-14,241560,32250.0,32500.0,32000.0,32800.0,165887.0
2019-01-11,241560,32750.0,32700.0,32300.0,33250.0,456790.0
2019-01-10,241560,32650.0,32950.0,32150.0,33200.0,461576.0
2019-01-09,241560,31500.0,32900.0,31500.0,33150.0,249939.0
2019-01-08,241560,31650.0,31600.0,31400.0,31900.0,117123.0
2019-01-07,241560,31150.0,31800.0,31050.0,32000.0,176630.0
2019-01-04,241560,30600.0,30700.0,30200.0,30900.0,162639.0
2019-01-03,241560,30450.0,30500.0,30350.0,31200.0,181488.0
2019-01-02,241560,31450.0,30700.0,30450.0,31700.0,123805.0
2018-12-28,241560,31300.0,31500.0,31100.0,31850.0,183625.0
2018-12-27,241560,31050.0,30850.0,30100.0,31300.0,236931.0
2018-12-26,241560,31600.0,31100.0,30800.0,32000.0,153429.0
2018-12-24,241560,32000.0,32050.0,31550.0,32300.0,152842.0
2018-12-21,241560,32300.0,32150.0,31900.0,32600.0,163286.0
2018-12-20,241560,32700.0,32150.0,31650.0,32800.0,270195.0
2018-12-19,241560,32800.0,32900.0,32500.0,33250.0,209985.0
2018-12-18,241560,32350.0,33050.0,32300.0,33300.0,291857.0
2018-12-17,241560,33000.0,32500.0,32300.0,33700.0,347909.0
2018-12-14,241560,33300.0,32900.0,32700.0,33500.0,401173.0
2018-12-13,241560,32700.0,33300.0,32650.0,33800.0,1063209.0
2018-12-12,241560,32800.0,33050.0,32300.0,33200.0,453842.0
2018-12-11,241560,32050.0,32300.0,31550.0,32650.0,286174.0
2018-12-10,241560,31850.0,32050.0,31750.0,32250.0,230862.0
2018-12-07,241560,32700.0,32500.0,32250.0,32950.0,162364.0
2018-12-06,241560,33000.0,32400.0,32050.0,33100.0,227569.0
2018-12-05,241560,32900.0,33000.0,32800.0,33250.0,296994.0
2018-12-04,241560,33250.0,33500.0,33000.0,33700.0,880230.0
2018-12-03,241560,33400.0,33200.0,32950.0,33550.0,772028.0
2018-11-30,241560,34150.0,32850.0,32400.0,34200.0,5744519.0
2018-11-29,241560,35500.0,35450.0,35000.0,36150.0,252293.0
2018-11-28,241560,34950.0,35050.0,34800.0,35500.0,205818.0
2018-11-27,241560,35300.0,34650.0,34250.0,35400.0,293473.0
2018-11-26,241560,36700.0,35300.0,35000.0,37000.0,572569.0
2018-11-23,241560,36650.0,36300.0,35850.0,36850.0,79439.0
2018-11-22,241560,36600.0,36800.0,36500.0,36950.0,64304.0
2018-11-21,241560,36950.0,36650.0,36500.0,37100.0,145294.0
2018-11-20,241560,36850.0,36900.0,36350.0,37400.0,179486.0
2018-11-19,241560,36500.0,36800.0,36300.0,37900.0,223876.0
2018-11-16,241560,37150.0,37000.0,36650.0,37200.0,94208.0
2018-11-15,241560,36700.0,37000.0,36400.0,37050.0,156194.0
2018-11-14,241560,36200.0,36900.0,36200.0,37100.0,141946.0
2018-11-13,241560,36250.0,36200.0,35350.0,36750.0,159162.0
2018-11-12,241560,35850.0,36250.0,35850.0,36550.0,190194.0
2018-11-09,241560,36200.0,35750.0,35650.0,36950.0,161254.0
2018-11-08,241560,36900.0,36550.0,36350.0,37300.0,344507.0
2018-11-07,241560,36700.0,35450.0,34850.0,37550.0,364468.0
2018-11-06,241560,35900.0,36700.0,35900.0,37200.0,392349.0
2018-11-05,241560,35950.0,35350.0,34900.0,36100.0,213419.0
2018-11-02,241560,34850.0,35600.0,34650.0,35900.0,303031.0
2018-11-01,241560,35050.0,34850.0,34800.0,35800.0,358726.0
2018-10-31,241560,34850.0,35200.0,34350.0,35850.0,380828.0
2018-10-30,241560,35150.0,34750.0,34050.0,35450.0,316494.0
2018-10-29,241560,34900.0,34700.0,34400.0,35600.0,313510.0
2018-10-26,241560,35100.0,34900.0,34400.0,35700.0,303972.0
2018-10-25,241560,35600.0,35050.0,34600.0,36700.0,367986.0
2018-10-24,241560,37950.0,36200.0,35600.0,38000.0,362180.0
2018-10-23,241560,38100.0,37350.0,36500.0,38800.0,134700.0
2018-10-22,241560,37850.0,38500.0,37650.0,38800.0,119387.0
2018-10-19,241560,38800.0,38500.0,37800.0,39100.0,199019.0
2018-10-18,241560,38450.0,38800.0,38100.0,39450.0,168876.0
2018-10-17,241560,39250.0,38450.0,37900.0,39250.0,128285.0
2018-10-16,241560,38550.0,38600.0,38000.0,39000.0,110811.0
2018-10-15,241560,37950.0,38650.0,37300.0,39000.0,178372.0
2018-10-12,241560,38550.0,37850.0,36700.0,38550.0,386213.0
2018-10-11,241560,37400.0,38050.0,37400.0,38900.0,266818.0
2018-10-10,241560,40300.0,38600.0,38400.0,40500.0,295444.0
2018-10-08,241560,40000.0,39850.0,39350.0,40200.0,176205.0
2018-10-05,241560,40000.0,40000.0,39550.0,40400.0,144807.0
2018-10-04,241560,40300.0,39850.0,39550.0,40750.0,265908.0
2018-10-02,241560,39550.0,39700.0,39200.0,40000.0,122644.0
2018-10-01,241560,40400.0,40000.0,39600.0,41050.0,231237.0
2018-09-28,241560,40600.0,40400.0,40050.0,41300.0,380463.0
2018-09-27,241560,38450.0,40100.0,38350.0,40100.0,374354.0
2018-09-21,241560,38200.0,38550.0,37500.0,38550.0,267379.0
2018-09-20,241560,36500.0,37750.0,36500.0,37750.0,261306.0
2018-09-19,241560,36150.0,36700.0,36050.0,36750.0,165148.0
2018-09-18,241560,36000.0,36600.0,35800.0,36750.0,121911.0
2018-09-17,241560,35800.0,36650.0,35750.0,36700.0,108514.0
2018-09-14,241560,36800.0,36200.0,35750.0,36800.0,200659.0
2018-09-13,241560,36500.0,36600.0,36350.0,36800.0,243498.0
2018-09-12,241560,36350.0,36050.0,35750.0,36550.0,166320.0
2018-09-11,241560,35650.0,36400.0,35650.0,36400.0,126352.0
2018-09-10,241560,35700.0,36150.0,35600.0,36150.0,176632.0
2018-09-07,241560,36100.0,36000.0,35600.0,36100.0,212134.0
2018-09-06,241560,35500.0,35600.0,34700.0,35750.0,183898.0
2018-09-05,241560,34500.0,35650.0,34500.0,36000.0,280723.0
2018-09-04,241560,35600.0,34650.0,34250.0,36000.0,249294.0
2018-09-03,241560,35600.0,35650.0,35200.0,36050.0,1104675.0
2018-08-31,241560,33800.0,35600.0,33500.0,35600.0,1625917.0
2018-08-30,241560,34200.0,33650.0,33200.0,34350.0,639216.0
2018-08-29,241560,35600.0,34800.0,34800.0,35600.0,10684681.0
2018-08-28,241560,34600.0,35500.0,34600.0,35500.0,340394.0
2018-08-27,241560,34600.0,34900.0,34550.0,35050.0,135639.0
2018-08-24,241560,34900.0,34850.0,34500.0,35100.0,128801.0
2018-08-23,241560,34850.0,35000.0,34600.0,35000.0,137195.0
2018-08-22,241560,34350.0,34600.0,33750.0,34850.0,115006.0
2018-08-21,241560,34300.0,34800.0,34300.0,34950.0,148103.0
2018-08-20,241560,34900.0,34600.0,34300.0,34900.0,217752.0
2018-08-17,241560,34750.0,34550.0,34300.0,34950.0,228688.0
2018-08-16,241560,34450.0,34450.0,33850.0,34550.0,153636.0
2018-08-14,241560,33650.0,34300.0,33400.0,34350.0,117000.0
2018-08-13,241560,33750.0,33650.0,33400.0,33900.0,173045.0
2018-08-10,241560,34000.0,33750.0,33500.0,34000.0,118588.0
2018-08-09,241560,33750.0,34000.0,33400.0,34000.0,123508.0
2018-08-08,241560,33300.0,33750.0,33050.0,33800.0,109959.0
2018-08-07,241560,33050.0,33700.0,32950.0,33700.0,110275.0
2018-08-06,241560,33100.0,33550.0,33100.0,33700.0,153500.0
2018-08-03,241560,32700.0,33100.0,32550.0,33250.0,150078.0
2018-08-02,241560,33200.0,32750.0,32550.0,33550.0,124209.0
2018-08-01,241560,33500.0,33200.0,32950.0,33650.0,139879.0
2018-07-31,241560,33350.0,33250.0,32650.0,33550.0,190188.0
2018-07-30,241560,32200.0,33200.0,32150.0,33300.0,206635.0
2018-07-27,241560,31700.0,32350.0,31150.0,32450.0,209403.0
2018-07-26,241560,31300.0,31400.0,31100.0,31750.0,154403.0
2018-07-25,241560,30900.0,30850.0,30750.0,31250.0,133425.0
2018-07-24,241560,30800.0,30850.0,30250.0,30850.0,119070.0
2018-07-23,241560,30650.0,30550.0,30150.0,30950.0,117800.0
2018-07-20,241560,30000.0,30250.0,29900.0,30400.0,92155.0
2018-07-19,241560,30250.0,30000.0,29600.0,30550.0,191943.0
2018-07-18,241560,30800.0,30200.0,30150.0,30900.0,99602.0
2018-07-17,241560,30450.0,30750.0,30450.0,30800.0,111114.0
2018-07-16,241560,30400.0,30700.0,30200.0,30800.0,130601.0
2018-07-13,241560,30200.0,30450.0,30200.0,30650.0,155462.0
2018-07-12,241560,30550.0,30150.0,30150.0,30700.0,249215.0
2018-07-11,241560,30550.0,30400.0,30300.0,30850.0,137114.0
2018-07-10,241560,31050.0,30850.0,30600.0,31200.0,145658.0
2018-07-09,241560,31350.0,31050.0,30800.0,31500.0,82549.0
2018-07-06,241560,30650.0,31400.0,30650.0,31450.0,66346.0
2018-07-05,241560,31300.0,30850.0,30500.0,31700.0,91341.0
2018-07-04,241560,30850.0,31650.0,30800.0,31800.0,61416.0
2018-07-03,241560,31100.0,31150.0,30850.0,31450.0,92413.0
2018-07-02,241560,32150.0,31100.0,31100.0,32300.0,96678.0
2018-06-29,241560,31350.0,32000.0,30800.0,32150.0,158785.0
2018-06-28,241560,31100.0,31000.0,30800.0,31400.0,97308.0
2018-06-27,241560,32000.0,31100.0,30900.0,32550.0,203252.0
2018-06-26,241560,31850.0,32250.0,31600.0,32450.0,157381.0
2018-06-25,241560,30950.0,32100.0,30750.0,32250.0,214899.0
2018-06-22,241560,30700.0,30950.0,30400.0,31200.0,174403.0
2018-06-21,241560,30600.0,31000.0,30600.0,31300.0,225546.0
2018-06-20,241560,30550.0,30650.0,30500.0,31250.0,263044.0
2018-06-19,241560,31100.0,30650.0,30600.0,31600.0,241112.0
2018-06-18,241560,31500.0,31150.0,30950.0,31900.0,212758.0
2018-06-15,241560,32300.0,31450.0,31250.0,32450.0,428787.0
2018-06-14,241560,33950.0,32300.0,32300.0,34000.0,1291817.0
2018-06-12,241560,34200.0,33950.0,33450.0,34350.0,414771.0
2018-06-11,241560,34000.0,34200.0,33900.0,34500.0,171402.0
2018-06-08,241560,34700.0,34000.0,33650.0,34700.0,167879.0
2018-06-07,241560,34700.0,34300.0,34050.0,34750.0,213850.0
2018-06-05,241560,33800.0,34600.0,33250.0,34650.0,165492.0
2018-06-04,241560,34050.0,33800.0,33550.0,34300.0,188641.0
2018-06-01,241560,33800.0,33950.0,33250.0,34200.0,194712.0
2018-05-31,241560,33400.0,33900.0,33150.0,33950.0,326398.0
2018-05-30,241560,34000.0,32950.0,32900.0,34150.0,236147.0
2018-05-29,241560,34650.0,34200.0,33550.0,34650.0,195995.0
2018-05-28,241560,33950.0,34600.0,33700.0,34650.0,238882.0
2018-05-25,241560,33200.0,34100.0,32850.0,34550.0,736311.0
2018-05-24,241560,32450.0,33200.0,32300.0,33400.0,186025.0
2018-05-23,241560,33000.0,32500.0,32400.0,33100.0,155999.0
2018-05-21,241560,33300.0,33000.0,33000.0,33650.0,154989.0
2018-05-18,241560,32400.0,33200.0,32100.0,33200.0,205477.0
2018-05-17,241560,32500.0,32300.0,32300.0,32650.0,84341.0
2018-05-16,241560,32300.0,32500.0,32000.0,32600.0,119951.0
2018-05-15,241560,32500.0,32700.0,32200.0,33050.0,148808.0
2018-05-14,241560,32600.0,32400.0,31950.0,33100.0,373566.0
2018-05-11,241560,32150.0,32550.0,31850.0,32800.0,242939.0
2018-05-10,241560,32100.0,32050.0,31400.0,32500.0,303405.0
2018-05-09,241560,31750.0,32050.0,31600.0,32450.0,151878.0
2018-05-08,241560,32300.0,31800.0,31800.0,32700.0,125332.0
2018-05-04,241560,32250.0,31950.0,31850.0,32700.0,136066.0
2018-05-03,241560,32500.0,32250.0,32000.0,32750.0,244469.0
2018-05-02,241560,33200.0,32600.0,32150.0,33200.0,211585.0
2018-04-30,241560,31900.0,32600.0,31700.0,32700.0,336738.0
2018-04-27,241560,32150.0,31550.0,31500.0,32350.0,141974.0
2018-04-26,241560,31400.0,31650.0,31200.0,32200.0,96610.0
2018-04-25,241560,31500.0,31300.0,31050.0,31600.0,154476.0
2018-04-24,241560,32100.0,31700.0,31650.0,32500.0,76618.0
2018-04-23,241560,32500.0,32200.0,31700.0,32600.0,127949.0
2018-04-20,241560,32600.0,32300.0,32050.0,32650.0,115715.0
2018-04-19,241560,31550.0,32050.0,31550.0,32450.0,292121.0
2018-04-18,241560,31400.0,31300.0,31200.0,31900.0,146323.0
2018-04-17,241560,31550.0,31200.0,31050.0,31750.0,108746.0
2018-04-16,241560,31100.0,31400.0,31100.0,31600.0,74856.0
2018-04-13,241560,31550.0,31250.0,31100.0,31650.0,97756.0
2018-04-12,241560,31350.0,31250.0,31200.0,31950.0,187902.0
2018-04-11,241560,31600.0,31050.0,31050.0,31700.0,195763.0
2018-04-10,241560,31050.0,32200.0,30600.0,32200.0,216968.0
2018-04-09,241560,31100.0,31050.0,30500.0,31150.0,160079.0
2018-04-06,241560,30650.0,31250.0,30350.0,31600.0,167044.0
2018-04-05,241560,30450.0,30650.0,30150.0,30950.0,124261.0
2018-04-04,241560,30800.0,30700.0,30500.0,30850.0,86963.0
2018-04-03,241560,30900.0,30800.0,30250.0,31050.0,179271.0
2018-04-02,241560,31450.0,31000.0,30850.0,31550.0,174917.0
2018-03-30,241560,31900.0,31400.0,31400.0,31950.0,92216.0
2018-03-29,241560,31400.0,31550.0,31150.0,31650.0,86496.0
2018-03-28,241560,31750.0,31650.0,31400.0,32250.0,92299.0
2018-03-27,241560,31850.0,32000.0,31700.0,32750.0,259313.0
2018-03-26,241560,31000.0,31550.0,30750.0,31700.0,138999.0
2018-03-23,241560,31600.0,31600.0,31300.0,32100.0,128192.0
2018-03-22,241560,32150.0,32300.0,32000.0,32350.0,125104.0
2018-03-21,241560,32900.0,32150.0,32050.0,32900.0,198516.0
2018-03-20,241560,32450.0,32850.0,31950.0,32850.0,216456.0
2018-03-19,241560,33050.0,33100.0,32800.0,33150.0,137521.0
2018-03-16,241560,32500.0,33050.0,32450.0,33100.0,169466.0
2018-03-15,241560,32800.0,32350.0,32200.0,32950.0,99376.0
2018-03-14,241560,32250.0,32750.0,32200.0,32900.0,194998.0
2018-03-13,241560,32450.0,32250.0,31950.0,32450.0,209966.0
2018-03-12,241560,31650.0,31900.0,31650.0,32300.0,310609.0
2018-03-09,241560,31950.0,31750.0,31650.0,32250.0,229339.0
2018-03-08,241560,31900.0,31950.0,31400.0,32300.0,143689.0
2018-03-07,241560,32200.0,31600.0,31050.0,32600.0,500580.0
2018-03-06,241560,32200.0,32150.0,31950.0,32750.0,176958.0
2018-03-05,241560,33200.0,31950.0,31850.0,33250.0,431000.0
2018-03-02,241560,33900.0,33200.0,32950.0,33900.0,408230.0
2018-02-28,241560,34350.0,34000.0,33850.0,34400.0,190889.0
2018-02-27,241560,34450.0,34500.0,34300.0,34700.0,189613.0
2018-02-26,241560,34650.0,34200.0,34000.0,34800.0,243427.0
2018-02-23,241560,34900.0,34650.0,34600.0,35200.0,105653.0
2018-02-22,241560,35300.0,35000.0,34800.0,35300.0,103185.0
2018-02-21,241560,35700.0,35500.0,35000.0,35700.0,92659.0
2018-02-20,241560,35200.0,35350.0,35150.0,35400.0,88576.0
2018-02-19,241560,35450.0,35150.0,35150.0,35850.0,104612.0
2018-02-14,241560,34900.0,35300.0,34850.0,35400.0,84725.0
2018-02-13,241560,36900.0,34700.0,34700.0,37300.0,368870.0
2018-02-12,241560,36950.0,36100.0,35850.0,37400.0,186741.0
2018-02-09,241560,35600.0,36650.0,35500.0,36750.0,173113.0
2018-02-08,241560,34900.0,36300.0,34900.0,36700.0,317016.0
2018-02-07,241560,35500.0,34600.0,34550.0,36350.0,223362.0
2018-02-06,241560,34450.0,34800.0,34450.0,35300.0,185965.0
2018-02-05,241560,35650.0,35700.0,35200.0,36200.0,137782.0
2018-02-02,241560,36400.0,36050.0,35850.0,36650.0,120810.0
2018-02-01,241560,37250.0,36350.0,36250.0,37300.0,173446.0
2018-01-31,241560,37100.0,37000.0,36650.0,37700.0,251199.0
2018-01-30,241560,36900.0,36950.0,36350.0,37500.0,236111.0
2018-01-29,241560,37000.0,36900.0,36050.0,37500.0,255706.0
2018-01-26,241560,35850.0,36800.0,35650.0,36950.0,310233.0
2018-01-25,241560,35150.0,35750.0,35150.0,35950.0,203593.0
2018-01-24,241560,35600.0,35050.0,35050.0,35700.0,243952.0
2018-01-23,241560,35900.0,35650.0,35150.0,35900.0,136952.0
2018-01-22,241560,35700.0,35450.0,35150.0,35800.0,128178.0
2018-01-19,241560,35950.0,35650.0,35600.0,35950.0,137660.0
2018-01-18,241560,35350.0,35800.0,35200.0,35800.0,162491.0
2018-01-17,241560,36200.0,35200.0,34900.0,36200.0,227074.0
2018-01-16,241560,36250.0,36100.0,35950.0,36500.0,181548.0
2018-01-15,241560,36750.0,36050.0,36050.0,36950.0,244211.0
2018-01-12,241560,35950.0,36350.0,35800.0,36750.0,359947.0
2018-01-11,241560,35700.0,35750.0,35450.0,35800.0,210754.0
2018-01-10,241560,34900.0,35350.0,34500.0,35750.0,263085.0
2018-01-09,241560,35000.0,34500.0,34500.0,35200.0,313487.0
2018-01-08,241560,35800.0,35200.0,34900.0,35800.0,330277.0
2018-01-05,241560,35650.0,35750.0,35600.0,35900.0,304371.0
2018-01-04,241560,36450.0,35500.0,34000.0,36450.0,219288.0
2018-01-03,241560,36100.0,36250.0,35650.0,36500.0,250953.0
2018-01-02,241560,35950.0,36100.0,35650.0,36400.0,280269.0
2017-12-28,241560,35450.0,35800.0,34900.0,35850.0,152496.0
2017-12-27,241560,35050.0,35400.0,34150.0,35650.0,152878.0
2017-12-26,241560,35200.0,35500.0,35200.0,35800.0,99840.0
2017-12-22,241560,35850.0,35100.0,35100.0,35850.0,100040.0
2017-12-21,241560,35850.0,35550.0,35050.0,36000.0,262872.0
2017-12-20,241560,34150.0,34900.0,34150.0,35150.0,187067.0
2017-12-19,241560,34450.0,34100.0,34050.0,34550.0,172674.0
2017-12-18,241560,34350.0,34400.0,34300.0,34800.0,236443.0
2017-12-15,241560,34300.0,34100.0,34100.0,34550.0,338765.0
2017-12-14,241560,34550.0,34250.0,34250.0,34850.0,259819.0
2017-12-13,241560,34700.0,34600.0,34600.0,35100.0,186012.0
2017-12-12,241560,34150.0,34750.0,34150.0,34950.0,127346.0
2017-12-11,241560,34650.0,34150.0,34100.0,34750.0,187930.0
2017-12-08,241560,35000.0,34150.0,34100.0,35300.0,233676.0
2017-12-07,241560,34200.0,34700.0,33950.0,35550.0,4784993.0
2017-12-06,241560,37250.0,35800.0,35800.0,37250.0,143348.0
2017-12-05,241560,36300.0,36850.0,35950.0,37600.0,623531.0
2017-12-04,241560,35250.0,35150.0,34650.0,35300.0,194841.0
2017-12-01,241560,35550.0,34550.0,34500.0,35650.0,218105.0
2017-11-30,241560,35050.0,35550.0,34800.0,35550.0,249194.0
2017-11-29,241560,34600.0,35150.0,34000.0,35200.0,241292.0
2017-11-28,241560,34400.0,34500.0,33950.0,34600.0,93746.0
2017-11-27,241560,34400.0,34150.0,33800.0,34400.0,100055.0
2017-11-24,241560,33800.0,34400.0,33500.0,34400.0,119556.0
2017-11-23,241560,33800.0,33750.0,33550.0,33950.0,77802.0
2017-11-22,241560,33900.0,33600.0,33350.0,33900.0,79032.0
2017-11-21,241560,34000.0,33950.0,33700.0,34100.0,76263.0
2017-11-20,241560,33650.0,33950.0,33600.0,34300.0,75174.0
2017-11-17,241560,34050.0,33450.0,33300.0,34050.0,282535.0
2017-11-16,241560,33800.0,33800.0,33100.0,34000.0,318346.0
2017-11-15,241560,34550.0,33750.0,33750.0,34550.0,198238.0
2017-11-14,241560,35400.0,34350.0,34300.0,35400.0,346911.0
2017-11-13,241560,35850.0,35300.0,35250.0,35950.0,135728.0
2017-11-10,241560,36000.0,35850.0,35500.0,36150.0,190750.0
2017-11-09,241560,36200.0,36150.0,35800.0,36300.0,66358.0
2017-11-08,241560,36100.0,36150.0,36000.0,36300.0,72549.0
2017-11-07,241560,36000.0,36050.0,35550.0,36750.0,106096.0
2017-11-06,241560,36550.0,35950.0,35950.0,36700.0,79184.0
2017-11-03,241560,36000.0,36450.0,35450.0,36500.0,124268.0
2017-11-02,241560,35500.0,36000.0,35250.0,36100.0,169709.0
2017-11-01,241560,36200.0,35200.0,35200.0,36300.0,264817.0
2017-10-31,241560,36800.0,36250.0,36100.0,36850.0,184264.0
2017-10-30,241560,37150.0,36900.0,36700.0,37200.0,84268.0
2017-10-27,241560,37400.0,36900.0,36600.0,37400.0,105800.0
2017-10-26,241560,36850.0,37150.0,36600.0,37150.0,88251.0
2017-10-25,241560,37700.0,36900.0,36550.0,38100.0,271407.0
2017-10-24,241560,37600.0,37500.0,37000.0,37750.0,156945.0
2017-10-23,241560,38500.0,37650.0,37600.0,38500.0,87819.0
2017-10-20,241560,37100.0,38200.0,36600.0,38200.0,122459.0
2017-10-19,241560,37500.0,37150.0,36700.0,37750.0,105936.0
2017-10-18,241560,38000.0,37300.0,37000.0,38000.0,105600.0
2017-10-17,241560,38200.0,37950.0,37900.0,39000.0,308158.0
2017-10-16,241560,37050.0,38200.0,36950.0,38200.0,179779.0
2017-10-13,241560,37450.0,37000.0,36900.0,37800.0,186693.0
2017-10-12,241560,36900.0,37400.0,36600.0,37400.0,173253.0
2017-10-11,241560,36750.0,36400.0,36350.0,37000.0,150257.0
2017-10-10,241560,37050.0,36400.0,36350.0,37350.0,356969.0
2017-09-29,241560,36800.0,36550.0,36550.0,36800.0,72947.0
2017-09-28,241560,36800.0,36600.0,36600.0,37600.0,144054.0
2017-09-27,241560,37200.0,36550.0,36500.0,37200.0,142763.0
2017-09-26,241560,36600.0,37150.0,36350.0,37150.0,149436.0
2017-09-25,241560,37100.0,36800.0,36450.0,37400.0,153769.0
2017-09-22,241560,37400.0,36900.0,36750.0,37400.0,136081.0
2017-09-21,241560,37800.0,37300.0,36850.0,37850.0,132051.0
2017-09-20,241560,37050.0,37500.0,37050.0,37800.0,151440.0
2017-09-19,241560,37400.0,37050.0,36900.0,37450.0,77482.0
2017-09-18,241560,37100.0,37050.0,36900.0,37350.0,124958.0
2017-09-15,241560,36550.0,36900.0,36550.0,37100.0,138310.0
2017-09-14,241560,36100.0,36550.0,36100.0,37000.0,172530.0
2017-09-13,241560,37500.0,35900.0,35900.0,37750.0,140374.0
2017-09-12,241560,36400.0,37200.0,36100.0,37250.0,130295.0
2017-09-11,241560,36800.0,36000.0,36000.0,37000.0,77971.0
2017-09-08,241560,36500.0,36550.0,35850.0,36750.0,126055.0
2017-09-07,241560,36900.0,36500.0,36500.0,37250.0,107422.0
2017-09-06,241560,37300.0,36600.0,36550.0,37300.0,72919.0
2017-09-05,241560,37250.0,37250.0,36950.0,37450.0,78226.0
2017-09-04,241560,36750.0,37200.0,36650.0,37700.0,97598.0
2017-09-01,241560,37800.0,37400.0,37150.0,38200.0,162881.0
2017-08-31,241560,36500.0,38150.0,36400.0,38150.0,456786.0
2017-08-30,241560,36000.0,36150.0,35800.0,36350.0,128000.0
2017-08-29,241560,35500.0,35950.0,35150.0,36000.0,152963.0
2017-08-28,241560,35700.0,35750.0,35400.0,35950.0,128952.0
2017-08-25,241560,35600.0,35450.0,35200.0,36000.0,118241.0
2017-08-24,241560,36800.0,35600.0,34900.0,36800.0,408954.0
2017-08-23,241560,37250.0,37150.0,36850.0,37350.0,96451.0
2017-08-22,241560,36100.0,36950.0,36100.0,37150.0,108198.0
2017-08-21,241560,36300.0,36050.0,35900.0,36500.0,60862.0
2017-08-18,241560,37100.0,36300.0,36200.0,37100.0,132674.0
2017-08-17,241560,37450.0,37100.0,36850.0,37450.0,127711.0
2017-08-16,241560,37350.0,37350.0,36550.0,37400.0,249021.0
2017-08-14,241560,37300.0,37050.0,36500.0,37900.0,108604.0
2017-08-11,241560,37400.0,37300.0,37000.0,37750.0,282341.0
2017-08-10,241560,37800.0,37900.0,37450.0,38250.0,196956.0
2017-08-09,241560,37900.0,37900.0,37450.0,38300.0,317403.0
2017-08-08,241560,38050.0,37900.0,37500.0,38200.0,160653.0
2017-08-07,241560,36950.0,38050.0,36950.0,38200.0,522693.0
2017-08-04,241560,36400.0,36750.0,36350.0,36950.0,313477.0
2017-08-03,241560,35600.0,36400.0,35600.0,36550.0,506170.0
2017-08-02,241560,35750.0,35600.0,34850.0,35800.0,355110.0
2017-08-01,241560,35400.0,35800.0,35050.0,36050.0,340420.0
2017-07-31,241560,34300.0,35400.0,34300.0,35400.0,209910.0
2017-07-28,241560,34650.0,34550.0,34200.0,34700.0,96595.0
2017-07-27,241560,35050.0,34550.0,34350.0,35300.0,186634.0
2017-07-26,241560,34700.0,35050.0,34450.0,35050.0,336935.0
2017-07-25,241560,34800.0,34450.0,34150.0,34800.0,138969.0
2017-07-24,241560,34500.0,34550.0,34150.0,34600.0,120865.0
2017-07-21,241560,34150.0,34600.0,33800.0,34650.0,183679.0
2017-07-20,241560,34500.0,34150.0,34000.0,34600.0,297717.0
2017-07-19,241560,34700.0,34650.0,34100.0,34750.0,235023.0
2017-07-18,241560,34900.0,34750.0,34500.0,35100.0,238415.0
2017-07-17,241560,35450.0,34850.0,34800.0,35500.0,143255.0
2017-07-14,241560,35450.0,35350.0,34750.0,35450.0,98433.0
2017-07-13,241560,35700.0,35300.0,35000.0,35700.0,148906.0
2017-07-12,241560,36000.0,35350.0,35050.0,36200.0,130764.0
2017-07-11,241560,35200.0,35900.0,35200.0,35950.0,139735.0
2017-07-10,241560,35000.0,35200.0,35000.0,35400.0,69228.0
2017-07-07,241560,35150.0,34750.0,34650.0,35300.0,272317.0
2017-07-06,241560,35600.0,35300.0,35100.0,35750.0,176141.0
2017-07-05,241560,36100.0,35400.0,35300.0,36250.0,128279.0
2017-07-04,241560,36250.0,35900.0,35650.0,36400.0,185760.0
2017-07-03,241560,35550.0,36100.0,35550.0,36350.0,132440.0
2017-06-30,241560,35400.0,35600.0,35400.0,35700.0,100954.0
2017-06-29,241560,35400.0,35700.0,35350.0,35900.0,176032.0
2017-06-28,241560,35650.0,35400.0,35200.0,35650.0,116009.0
2017-06-27,241560,35400.0,35750.0,35100.0,35750.0,151056.0
2017-06-26,241560,35450.0,35200.0,35050.0,35650.0,210216.0
2017-06-23,241560,35650.0,35200.0,34900.0,35650.0,197760.0
2017-06-22,241560,34400.0,35750.0,34400.0,35750.0,317490.0
2017-06-21,241560,34750.0,34650.0,34400.0,35000.0,292223.0
2017-06-20,241560,35000.0,35000.0,34800.0,35450.0,347374.0
2017-06-19,241560,35900.0,34650.0,34500.0,36050.0,619780.0
2017-06-16,241560,36350.0,35850.0,35650.0,36450.0,879136.0
2017-06-15,241560,36950.0,36300.0,36300.0,37100.0,240413.0
2017-06-14,241560,36600.0,37250.0,36150.0,37250.0,418983.0
2017-06-13,241560,36200.0,36300.0,36100.0,36500.0,322762.0
2017-06-12,241560,35950.0,36100.0,35850.0,36250.0,237668.0
2017-06-09,241560,36300.0,35950.0,35650.0,36400.0,363880.0
2017-06-08,241560,36550.0,36250.0,36050.0,36550.0,281308.0
2017-06-07,241560,36550.0,36650.0,36050.0,36700.0,265152.0
2017-06-05,241560,36300.0,36550.0,36300.0,36700.0,262309.0
2017-06-02,241560,36650.0,36150.0,35950.0,36700.0,610343.0
2017-06-01,241560,37000.0,36650.0,36200.0,37000.0,871744.0
2017-05-31,241560,37100.0,37300.0,36300.0,37350.0,3673293.0
2017-05-30,241560,37000.0,36850.0,36650.0,37250.0,345240.0
2017-05-29,241560,37800.0,37150.0,36550.0,37850.0,445161.0
2017-05-26,241560,37750.0,37400.0,37350.0,37900.0,341307.0
2017-05-25,241560,37250.0,37600.0,37150.0,37600.0,383354.0
2017-05-24,241560,37200.0,37200.0,36700.0,37300.0,400858.0
2017-05-23,241560,36450.0,37200.0,36450.0,37700.0,472967.0
2017-05-22,241560,37100.0,36500.0,36400.0,37150.0,333106.0
2017-05-19,241560,37250.0,36850.0,36700.0,37300.0,271605.0
2017-05-18,241560,37650.0,36900.0,36500.0,37700.0,974183.0
2017-05-17,241560,39000.0,38800.0,38150.0,39050.0,289571.0
2017-05-16,241560,39000.0,38450.0,38300.0,39900.0,586623.0
2017-05-15,241560,38600.0,38700.0,38200.0,38900.0,199060.0
2017-05-12,241560,38800.0,38700.0,38350.0,38900.0,200080.0
2017-05-11,241560,39000.0,38600.0,38300.0,39000.0,247604.0
2017-05-10,241560,38200.0,39000.0,38200.0,39050.0,298223.0
2017-05-08,241560,38300.0,38200.0,38000.0,38500.0,174533.0
2017-05-04,241560,38500.0,38300.0,38050.0,38750.0,261294.0
2017-05-02,241560,38800.0,38800.0,37550.0,38800.0,293842.0
2017-04-28,241560,39000.0,39150.0,38800.0,39350.0,252908.0
2017-04-27,241560,39350.0,38800.0,38700.0,39600.0,360444.0
2017-04-26,241560,39250.0,39800.0,39250.0,40500.0,768510.0
2017-04-25,241560,37850.0,38650.0,37850.0,38650.0,602873.0
2017-04-24,241560,37600.0,37500.0,37200.0,37750.0,169558.0
2017-04-21,241560,37050.0,37450.0,37000.0,37550.0,272665.0
2017-04-20,241560,36100.0,37000.0,36100.0,37000.0,248176.0
2017-04-19,241560,36650.0,36150.0,36000.0,36900.0,369193.0
2017-04-18,241560,36550.0,36950.0,36400.0,36950.0,151914.0
2017-04-17,241560,36300.0,36350.0,36050.0,36650.0,262434.0
2017-04-14,241560,37450.0,36400.0,36100.0,37550.0,400994.0
2017-04-13,241560,37150.0,37450.0,37150.0,37500.0,157608.0
2017-04-12,241560,37700.0,37350.0,37250.0,37700.0,117825.0
2017-04-11,241560,36850.0,37700.0,36850.0,37800.0,261079.0
2017-04-10,241560,37300.0,36850.0,36550.0,37550.0,198120.0
2017-04-07,241560,37300.0,37450.0,36950.0,37550.0,180823.0
2017-04-06,241560,36650.0,37250.0,36600.0,37400.0,253300.0
2017-04-05,241560,36200.0,36850.0,36150.0,36850.0,243073.0
2017-04-04,241560,36350.0,35800.0,35800.0,36600.0,227896.0
2017-04-03,241560,36650.0,36350.0,36000.0,36650.0,150914.0
2017-03-31,241560,36950.0,36700.0,36500.0,37100.0,136500.0
2017-03-30,241560,37200.0,37100.0,36550.0,37200.0,206329.0
2017-03-29,241560,36700.0,36850.0,36400.0,37000.0,327055.0
2017-03-28,241560,36300.0,36350.0,36050.0,36750.0,385187.0
2017-03-27,241560,37750.0,36200.0,36000.0,37750.0,584304.0
2017-03-24,241560,38100.0,37650.0,37500.0,38350.0,265593.0
2017-03-23,241560,37800.0,38050.0,37750.0,38450.0,307058.0
2017-03-22,241560,37950.0,38000.0,37350.0,38300.0,491760.0
2017-03-21,241560,39650.0,38600.0,38550.0,39850.0,523740.0
2017-03-20,241560,40400.0,39850.0,39550.0,40800.0,408966.0
2017-03-17,241560,38250.0,40200.0,38150.0,40250.0,743734.0
2017-03-16,241560,37800.0,38600.0,37800.0,38700.0,631488.0
2017-03-15,241560,36950.0,37500.0,36850.0,37550.0,307607.0
2017-03-14,241560,36800.0,37150.0,36500.0,37150.0,262164.0
2017-03-13,241560,36650.0,36900.0,36400.0,36950.0,172560.0
2017-03-10,241560,36250.0,36650.0,36050.0,36800.0,207350.0
2017-03-09,241560,36500.0,36250.0,36100.0,36800.0,329282.0
2017-03-08,241560,36900.0,36500.0,36400.0,37000.0,249673.0
2017-03-07,241560,36100.0,36900.0,35900.0,37200.0,411346.0
2017-03-06,241560,35850.0,36050.0,35600.0,36300.0,121508.0
2017-03-03,241560,36200.0,35950.0,35600.0,36200.0,327058.0
2017-03-02,241560,37800.0,36300.0,36250.0,37800.0,584725.0
2017-02-28,241560,35650.0,36900.0,35500.0,36950.0,550678.0
2017-02-27,241560,35400.0,35900.0,35200.0,35950.0,273379.0
2017-02-24,241560,35500.0,35300.0,35050.0,35500.0,384796.0
2017-02-23,241560,35900.0,35650.0,35400.0,36150.0,314634.0
2017-02-22,241560,35400.0,35850.0,35250.0,36150.0,321454.0
2017-02-21,241560,35100.0,35250.0,35100.0,35450.0,302835.0
2017-02-20,241560,35650.0,35200.0,35100.0,35650.0,255590.0
2017-02-17,241560,35500.0,35650.0,35200.0,35900.0,272106.0
2017-02-16,241560,35850.0,35400.0,34650.0,36000.0,1489517.0
2017-02-15,241560,36150.0,36850.0,35900.0,37150.0,633872.0
2017-02-14,241560,35700.0,35900.0,35250.0,36250.0,385727.0
2017-02-13,241560,36350.0,35500.0,35400.0,36400.0,382714.0
2017-02-10,241560,36200.0,36100.0,35700.0,36700.0,449485.0
2017-02-09,241560,37250.0,35850.0,35450.0,37450.0,614183.0
2017-02-08,241560,37500.0,37500.0,37100.0,37800.0,324772.0
2017-02-07,241560,37800.0,37900.0,37100.0,38300.0,280490.0
2017-02-06,241560,37500.0,37650.0,37150.0,38000.0,361782.0
2017-02-03,241560,36400.0,37250.0,36150.0,37600.0,379194.0
2017-02-02,241560,36600.0,36200.0,36100.0,38200.0,560216.0
2017-02-01,241560,36850.0,36750.0,36200.0,37100.0,303592.0
2017-01-31,241560,37450.0,37000.0,36800.0,37650.0,286897.0
2017-01-26,241560,35100.0,37450.0,35050.0,37850.0,1125650.0
2017-01-25,241560,34650.0,34700.0,34400.0,35150.0,329759.0
2017-01-24,241560,34650.0,34400.0,34100.0,34850.0,243454.0
2017-01-23,241560,35750.0,34650.0,34450.0,35750.0,374972.0
2017-01-20,241560,35050.0,35650.0,34900.0,35750.0,297584.0
2017-01-19,241560,35250.0,34900.0,34800.0,35400.0,302177.0
2017-01-18,241560,36000.0,35250.0,35250.0,36050.0,339913.0
2017-01-17,241560,36550.0,36100.0,35900.0,36700.0,296441.0
2017-01-16,241560,36300.0,36550.0,35850.0,36550.0,364354.0
2017-01-13,241560,36250.0,36200.0,36000.0,36300.0,256722.0
2017-01-12,241560,37150.0,36050.0,36000.0,37150.0,476870.0
2017-01-11,241560,37200.0,36900.0,36800.0,38000.0,482966.0
2017-01-10,241560,36750.0,37000.0,36250.0,37100.0,551778.0
2017-01-09,241560,36700.0,36850.0,36600.0,37000.0,378344.0
2017-01-06,241560,36000.0,36450.0,36000.0,36950.0,489562.0
2017-01-05,241560,35850.0,36000.0,35650.0,36150.0,356017.0
2017-01-04,241560,35300.0,35600.0,35050.0,36000.0,326835.0
2017-01-03,241560,35300.0,34950.0,34950.0,35950.0,289959.0
2017-01-02,241560,35600.0,35400.0,35150.0,35800.0,169698.0
2016-12-29,241560,35500.0,35850.0,35300.0,35950.0,143474.0
2016-12-28,241560,34850.0,35600.0,34700.0,35650.0,234724.0
2016-12-27,241560,34700.0,35050.0,34500.0,35050.0,256961.0
2016-12-26,241560,35100.0,35000.0,34800.0,35550.0,222362.0
2016-12-23,241560,34900.0,35300.0,34900.0,35450.0,228060.0
2016-12-22,241560,34200.0,35000.0,34150.0,35200.0,518874.0
2016-12-21,241560,35200.0,34050.0,33900.0,35550.0,534943.0
2016-12-20,241560,35050.0,34800.0,34650.0,35750.0,414926.0
2016-12-19,241560,35950.0,35000.0,34900.0,35950.0,328479.0
2016-12-16,241560,35800.0,35900.0,35400.0,36300.0,338946.0
2016-12-15,241560,35850.0,35550.0,35450.0,36250.0,294079.0
2016-12-14,241560,36350.0,35550.0,35450.0,36400.0,326736.0
2016-12-13,241560,36850.0,36000.0,35950.0,37000.0,430253.0
2016-12-12,241560,36600.0,37050.0,36050.0,37150.0,677993.0
2016-12-09,241560,35700.0,36400.0,35450.0,36500.0,762544.0
2016-12-08,241560,35000.0,35600.0,34800.0,35700.0,675789.0
2016-12-07,241560,34800.0,34800.0,34300.0,35350.0,456565.0
2016-12-06,241560,34900.0,34900.0,34350.0,35400.0,442595.0
2016-12-05,241560,33500.0,34800.0,33400.0,35100.0,827683.0
2016-12-02,241560,34200.0,33400.0,32650.0,34250.0,932763.0
2016-12-01,241560,33850.0,34100.0,33350.0,34800.0,749451.0
2016-11-30,241560,34850.0,33450.0,33450.0,35100.0,1004454.0
2016-11-29,241560,34550.0,34850.0,34550.0,35150.0,668216.0
2016-11-28,241560,35000.0,35000.0,34400.0,35200.0,803050.0
2016-11-25,241560,35700.0,34900.0,34600.0,36050.0,1331139.0
2016-11-24,241560,35600.0,35400.0,35350.0,36350.0,1381254.0
2016-11-23,241560,36250.0,35350.0,35300.0,36450.0,2028435.0
2016-11-22,241560,35400.0,36900.0,34500.0,37300.0,4432520.0
2016-11-21,241560,35800.0,34500.0,34400.0,36400.0,4133962.0
2016-11-18,241560,36000.0,35900.0,33900.0,38950.0,20007019.0
