2021-02-26,005930,삼성전자
2021-02-26,000660,SK하이닉스
2021-02-26,035420,NAVER
2021-02-26,051910,LG화학
2021-02-26,005380,현대차
2021-02-26,207940,삼성바이오로직스
2021-02-26,006400,삼성SDI
2021-02-26,035720,카카오
2021-02-26,068270,셀트리온
2021-02-26,000270,기아차
2021-02-26,012330,현대모비스
2021-02-26,005490,POSCO
2021-02-26,096770,SK이노베이션
2021-02-26,066570,LG전자
2021-02-26,051900,LG생활건강
2021-02-26,028260,삼성물산
2021-02-26,036570,엔씨소프트
2021-02-26,017670,SK텔레콤
2021-02-26,034730,SK
2021-02-26,105560,KB금융
2021-02-26,055550,신한지주
2021-02-26,003550,LG
2021-02-26,018260,삼성에스디에스
2021-02-26,032830,삼성생명
2021-02-26,015760,한국전력
2021-02-26,009150,삼성전기
2021-02-26,090430,아모레퍼시픽
2021-02-26,003670,포스코케미칼
2021-02-26,086790,하나금융지주
2021-02-26,011170,롯데케미칼
2021-02-26,033780,KT&G
2021-02-26,251270,넷마블
2021-02-26,010950,S-Oil
2021-02-26,326030,SK바이오팜
2021-02-26,018880,한온시스템
2021-02-26,000810,삼성화재
2021-02-26,034220,LG디스플레이
2021-02-26,009540,한국조선해양
2021-02-26,010130,고려아연
2021-02-26,352820,빅히트
2021-02-26,086280,현대글로비스
2021-02-26,009830,한화솔루션
2021-02-26,316140,우리금융지주
2021-02-26,030200,KT
2021-02-26,011780,금호석유
2021-02-26,011200,HMM
2021-02-26,024110,기업은행
2021-02-26,097950,CJ제일제당
2021-02-26,006800,미래에셋대우
2021-02-26,161390,한국타이어앤테크놀로지
2021-02-26,002790,아모레G
2021-02-26,004020,현대제철
2021-02-26,035250,강원랜드
2021-02-26,032640,LG유플러스
2021-02-26,271560,오리온
2021-02-26,003490,대한항공
2021-02-26,071050,한국금융지주
2021-02-26,021240,코웨이
2021-02-26,139480,이마트
2021-02-26,011070,LG이노텍
2021-02-26,011790,SKC
2021-02-26,019170,신풍제약
2021-02-26,000720,현대건설
2021-02-26,285130,SK케미칼
2021-02-26,006280,녹십자
2021-02-26,008930,한미사이언스
2021-02-26,000100,유한양행
2021-02-26,267250,현대중공업지주
2021-02-26,128940,한미약품
2021-02-26,010140,삼성중공업
2021-02-26,026960,동서
2021-02-26,180640,한진칼
2021-02-26,034020,두산중공업
2021-02-26,029780,삼성카드
2021-02-26,000120,CJ대한통운
2021-02-26,078930,GS
2021-02-26,004990,롯데지주
2021-02-26,023530,롯데쇼핑
2021-02-26,003410,쌍용양회
2021-02-26,039490,키움증권
2021-02-26,336260,두산퓨얼셀
2021-02-26,016360,삼성증권
2021-02-26,241560,두산밥캣
2021-02-26,047810,한국항공우주
2021-02-26,020150,일진머티리얼즈
2021-02-26,008770,호텔신라
2021-02-26,012750,에스원
2021-02-26,006360,GS건설
2021-02-26,028670,팬오션
2021-02-26,005940,NH투자증권
2021-02-26,010060,OCI
2021-02-26,036460,한국가스공사
2021-02-26,204320,만도
2021-02-26,005830,DB손해보험
2021-02-26,007070,GS리테일
2021-02-26,088350,한화생명
2021-02-26,014680,한솔케미칼
2021-02-26,047050,포스코인터내셔널
2021-02-26,282330,BGF리테일
2021-02-26,042660,대우조선해양
2021-02-26,001040,CJ
2021-02-26,004170,신세계
2021-02-26,008560,메리츠증권
2021-02-26,028050,삼성엔지니어링
2021-02-26,000990,DB하이텍
2021-02-26,047040,대우건설
2021-02-26,081660,휠라홀딩스
2021-02-26,000080,하이트진로
2021-02-26,006650,대한유화
2021-02-26,009240,한샘
2021-02-26,272210,한화시스템
2021-02-26,006260,LS
2021-02-26,030000,제일기획
2021-02-26,000880,한화
2021-02-26,010620,현대미포조선
2021-02-26,375500,DL이앤씨
2021-02-26,007700,F&F
2021-02-26,064350,현대로템
2021-02-26,003090,대웅
2021-02-26,011210,현대위아
2021-02-26,007310,오뚜기
2021-02-26,001450,현대해상
2021-02-26,185750,종근당
2021-02-26,138930,BNK금융지주
2021-02-26,069960,현대백화점
2021-02-26,012450,한화에어로스페이스
2021-02-26,111770,영원무역
2021-02-26,003000,부광약품
2021-02-26,002380,KCC
2021-02-26,294870,HDC현대산업개발
2021-02-26,017800,현대엘리베이
2021-02-26,005250,녹십자홀딩스
2021-02-26,010120,LS ELECTRIC
2021-02-26,042670,두산인프라코어
2021-02-26,004800,효성
2021-02-26,004370,농심
2021-02-26,010780,아이에스동서
2021-02-26,000240,한국앤컴퍼니
2021-02-26,069620,대웅제약
2021-02-26,112610,씨에스윈드
2021-02-26,032350,롯데관광개발
2021-02-26,120110,코오롱인더
2021-02-26,001740,SK네트웍스
2021-02-26,004000,롯데정밀화학
2021-02-26,031430,신세계인터내셔날
2021-02-26,013890,지누스
2021-02-26,000210,DL
2021-02-26,161890,한국콜마
2021-02-26,014820,동원시스템즈
2021-02-26,004490,세방전지
2021-02-26,006120,SK디스커버리
2021-02-26,214320,이노션
2021-02-26,051600,한전KPS
2021-02-26,016380,KG동부제철
2021-02-26,003520,영진약품
2021-02-26,009420,한올바이오파마
2021-02-26,000670,영풍
2021-02-26,073240,금호타이어
2021-02-26,003850,보령제약
2021-02-26,020560,아시아나항공
2021-02-26,001120,LG상사
2021-02-26,192820,코스맥스
2021-02-26,003240,태광산업
2021-02-26,005300,롯데칠성
2021-02-26,103140,풍산
2021-02-26,192080,더블유게임즈
2021-02-26,007570,일양약품
2021-02-26,114090,GKL
2021-02-26,079160,CJ CGV
2021-02-26,057050,현대홈쇼핑
2021-02-26,069260,휴켐스
2021-02-26,241590,화승엔터프라이즈
2021-02-26,093370,후성
2021-02-26,064960,S&T모티브
2021-02-26,020000,한섬
2021-02-26,284740,쿠쿠홈시스
2021-02-26,192400,쿠쿠홀딩스
2021-02-26,005440,현대그린푸드
2021-02-26,071840,롯데하이마트
2021-02-26,001680,대상
2021-02-26,001800,오리온홀딩스
2021-02-26,001230,동국제강
2021-02-26,105630,한세실업
2021-02-26,002350,넥센타이어
2021-02-26,079550,LIG넥스원
2021-02-26,115390,락앤락
2021-02-26,000150,두산
2021-02-26,049770,동원F&B
2021-02-26,000070,삼양홀딩스
2021-02-26,018250,애경산업
2021-02-26,052690,한전기술
2021-02-26,003230,삼양식품
2021-02-26,012630,HDC
2021-02-26,006390,한일현대시멘트
2021-02-26,108670,LG하우시스
2021-02-26,001060,JW중외제약
2021-02-26,005610,SPC삼립
2021-02-26,005180,빙그레
2021-02-26,145990,삼양사
2021-02-26,009410,태영건설
2021-02-26,008350,남선알미늄
2021-02-27,005930,삼성전자
2021-02-27,000660,SK하이닉스
2021-02-27,035420,NAVER
2021-02-27,051910,LG화학
2021-02-27,005380,현대차
2021-02-27,207940,삼성바이오로직스
2021-02-27,006400,삼성SDI
2021-02-27,035720,카카오
2021-02-27,068270,셀트리온
2021-02-27,000270,기아차
2021-02-27,012330,현대모비스
2021-02-27,005490,POSCO
2021-02-27,096770,SK이노베이션
2021-02-27,066570,LG전자
2021-02-27,051900,LG생활건강
2021-02-27,028260,삼성물산
2021-02-27,036570,엔씨소프트
2021-02-27,017670,SK텔레콤
2021-02-27,034730,SK
2021-02-27,105560,KB금융
2021-02-27,055550,신한지주
2021-02-27,003550,LG
2021-02-27,018260,삼성에스디에스
2021-02-27,032830,삼성생명
2021-02-27,015760,한국전력
2021-02-27,009150,삼성전기
2021-02-27,090430,아모레퍼시픽
2021-02-27,003670,포스코케미칼
2021-02-27,086790,하나금융지주
2021-02-27,011170,롯데케미칼
2021-02-27,033780,KT&G
2021-02-27,251270,넷마블
2021-02-27,010950,S-Oil
2021-02-27,326030,SK바이오팜
2021-02-27,018880,한온시스템
2021-02-27,000810,삼성화재
2021-02-27,034220,LG디스플레이
2021-02-27,009540,한국조선해양
2021-02-27,010130,고려아연
2021-02-27,352820,빅히트
2021-02-27,086280,현대글로비스
2021-02-27,009830,한화솔루션
2021-02-27,316140,우리금융지주
2021-02-27,030200,KT
2021-02-27,011780,금호석유
2021-02-27,011200,HMM
2021-02-27,024110,기업은행
2021-02-27,097950,CJ제일제당
2021-02-27,006800,미래에셋대우
2021-02-27,161390,한국타이어앤테크놀로지
2021-02-27,002790,아모레G
2021-02-27,004020,현대제철
2021-02-27,035250,강원랜드
2021-02-27,032640,LG유플러스
2021-02-27,271560,오리온
2021-02-27,003490,대한항공
2021-02-27,071050,한국금융지주
2021-02-27,021240,코웨이
2021-02-27,139480,이마트
2021-02-27,011070,LG이노텍
2021-02-27,011790,SKC
2021-02-27,019170,신풍제약
2021-02-27,000720,현대건설
2021-02-27,285130,SK케미칼
2021-02-27,006280,녹십자
2021-02-27,008930,한미사이언스
2021-02-27,000100,유한양행
2021-02-27,267250,현대중공업지주
2021-02-27,128940,한미약품
2021-02-27,010140,삼성중공업
2021-02-27,026960,동서
2021-02-27,180640,한진칼
2021-02-27,034020,두산중공업
2021-02-27,029780,삼성카드
2021-02-27,000120,CJ대한통운
2021-02-27,078930,GS
2021-02-27,004990,롯데지주
2021-02-27,023530,롯데쇼핑
2021-02-27,003410,쌍용양회
2021-02-27,039490,키움증권
2021-02-27,336260,두산퓨얼셀
2021-02-27,016360,삼성증권
2021-02-27,241560,두산밥캣
2021-02-27,047810,한국항공우주
2021-02-27,020150,일진머티리얼즈
2021-02-27,008770,호텔신라
2021-02-27,012750,에스원
2021-02-27,006360,GS건설
2021-02-27,028670,팬오션
2021-02-27,005940,NH투자증권
2021-02-27,010060,OCI
2021-02-27,036460,한국가스공사
2021-02-27,204320,만도
2021-02-27,005830,DB손해보험
2021-02-27,007070,GS리테일
2021-02-27,088350,한화생명
2021-02-27,014680,한솔케미칼
2021-02-27,047050,포스코인터내셔널
2021-02-27,282330,BGF리테일
2021-02-27,042660,대우조선해양
2021-02-27,001040,CJ
2021-02-27,004170,신세계
2021-02-27,008560,메리츠증권
2021-02-27,028050,삼성엔지니어링
2021-02-27,000990,DB하이텍
2021-02-27,047040,대우건설
2021-02-27,081660,휠라홀딩스
2021-02-27,000080,하이트진로
2021-02-27,006650,대한유화
2021-02-27,009240,한샘
2021-02-27,272210,한화시스템
2021-02-27,006260,LS
2021-02-27,030000,제일기획
2021-02-27,000880,한화
2021-02-27,010620,현대미포조선
2021-02-27,375500,DL이앤씨
2021-02-27,007700,F&F
2021-02-27,064350,현대로템
2021-02-27,003090,대웅
2021-02-27,011210,현대위아
2021-02-27,007310,오뚜기
2021-02-27,001450,현대해상
2021-02-27,185750,종근당
2021-02-27,138930,BNK금융지주
2021-02-27,069960,현대백화점
2021-02-27,012450,한화에어로스페이스
2021-02-27,111770,영원무역
2021-02-27,003000,부광약품
2021-02-27,002380,KCC
2021-02-27,294870,HDC현대산업개발
2021-02-27,017800,현대엘리베이
2021-02-27,005250,녹십자홀딩스
2021-02-27,010120,LS ELECTRIC
2021-02-27,042670,두산인프라코어
2021-02-27,004800,효성
2021-02-27,004370,농심
2021-02-27,010780,아이에스동서
2021-02-27,000240,한국앤컴퍼니
2021-02-27,069620,대웅제약
2021-02-27,112610,씨에스윈드
2021-02-27,032350,롯데관광개발
2021-02-27,120110,코오롱인더
2021-02-27,001740,SK네트웍스
2021-02-27,004000,롯데정밀화학
2021-02-27,031430,신세계인터내셔날
2021-02-27,013890,지누스
2021-02-27,000210,DL
2021-02-27,161890,한국콜마
2021-02-27,014820,동원시스템즈
2021-02-27,004490,세방전지
2021-02-27,006120,SK디스커버리
2021-02-27,214320,이노션
2021-02-27,051600,한전KPS
2021-02-27,016380,KG동부제철
2021-02-27,003520,영진약품
2021-02-27,009420,한올바이오파마
2021-02-27,000670,영풍
2021-02-27,073240,금호타이어
2021-02-27,003850,보령제약
2021-02-27,020560,아시아나항공
2021-02-27,001120,LG상사
2021-02-27,192820,코스맥스
2021-02-27,003240,태광산업
2021-02-27,005300,롯데칠성
2021-02-27,103140,풍산
2021-02-27,192080,더블유게임즈
2021-02-27,007570,일양약품
2021-02-27,114090,GKL
2021-02-27,079160,CJ CGV
2021-02-27,057050,현대홈쇼핑
2021-02-27,069260,휴켐스
2021-02-27,241590,화승엔터프라이즈
2021-02-27,093370,후성
2021-02-27,064960,S&T모티브
2021-02-27,020000,한섬
2021-02-27,284740,쿠쿠홈시스
2021-02-27,192400,쿠쿠홀딩스
2021-02-27,005440,현대그린푸드
2021-02-27,071840,롯데하이마트
2021-02-27,001680,대상
2021-02-27,001800,오리온홀딩스
2021-02-27,001230,동국제강
2021-02-27,105630,한세실업
2021-02-27,002350,넥센타이어
2021-02-27,079550,LIG넥스원
2021-02-27,115390,락앤락
2021-02-27,000150,두산
2021-02-27,049770,동원F&B
2021-02-27,000070,삼양홀딩스
2021-02-27,018250,애경산업
2021-02-27,052690,한전기술
2021-02-27,003230,삼양식품
2021-02-27,012630,HDC
2021-02-27,006390,한일현대시멘트
2021-02-27,108670,LG하우시스
2021-02-27,001060,JW중외제약
2021-02-27,005610,SPC삼립
2021-02-27,005180,빙그레
2021-02-27,145990,삼양사
2021-02-27,009410,태영건설
2021-02-27,008350,남선알미늄
2021-03-03,005930,삼성전자
2021-03-03,000660,SK하이닉스
2021-03-03,051910,LG화학
2021-03-03,035420,NAVER
2021-03-03,005380,현대차
2021-03-03,207940,삼성바이오로직스
2021-03-03,006400,삼성SDI
2021-03-03,035720,카카오
2021-03-03,068270,셀트리온
2021-03-03,000270,기아차
2021-03-03,012330,현대모비스
2021-03-03,005490,POSCO
2021-03-03,096770,SK이노베이션
2021-03-03,066570,LG전자
2021-03-03,051900,LG생활건강
2021-03-03,028260,삼성물산
2021-03-03,036570,엔씨소프트
2021-03-03,017670,SK텔레콤
2021-03-03,034730,SK
2021-03-03,105560,KB금융
2021-03-03,055550,신한지주
2021-03-03,003550,LG
2021-03-03,032830,삼성생명
2021-03-03,009150,삼성전기
2021-03-03,018260,삼성에스디에스
2021-03-03,015760,한국전력
2021-03-03,090430,아모레퍼시픽
2021-03-03,003670,포스코케미칼
2021-03-03,086790,하나금융지주
2021-03-03,011170,롯데케미칼
2021-03-03,033780,KT&G
2021-03-03,251270,넷마블
2021-03-03,010950,S-Oil
2021-03-03,018880,한온시스템
2021-03-03,326030,SK바이오팜
2021-03-03,000810,삼성화재
2021-03-03,034220,LG디스플레이
2021-03-03,009540,한국조선해양
2021-03-03,010130,고려아연
2021-03-03,352820,빅히트
2021-03-03,086280,현대글로비스
2021-03-03,009830,한화솔루션
2021-03-03,316140,우리금융지주
2021-03-03,030200,KT
2021-03-03,011780,금호석유
2021-03-03,024110,기업은행
2021-03-03,011200,HMM
2021-03-03,006800,미래에셋대우
2021-03-03,097950,CJ제일제당
2021-03-03,161390,한국타이어앤테크놀로지
2021-03-03,004020,현대제철
2021-03-03,002790,아모레G
2021-03-03,032640,LG유플러스
2021-03-03,035250,강원랜드
2021-03-03,271560,오리온
2021-03-03,071050,한국금융지주
2021-03-03,019170,신풍제약
2021-03-03,011070,LG이노텍
2021-03-03,003490,대한항공
2021-03-03,021240,코웨이
2021-03-03,139480,이마트
2021-03-03,000720,현대건설
2021-03-03,011790,SKC
2021-03-03,006280,녹십자
2021-03-03,000100,유한양행
2021-03-03,285130,SK케미칼
2021-03-03,267250,현대중공업지주
2021-03-03,010140,삼성중공업
2021-03-03,008930,한미사이언스
2021-03-03,026960,동서
2021-03-03,034020,두산중공업
2021-03-03,180640,한진칼
2021-03-03,128940,한미약품
2021-03-03,029780,삼성카드
2021-03-03,000120,CJ대한통운
2021-03-03,078930,GS
2021-03-03,004990,롯데지주
2021-03-03,023530,롯데쇼핑
2021-03-03,003410,쌍용양회
2021-03-03,039490,키움증권
2021-03-03,241560,두산밥캣
2021-03-03,336260,두산퓨얼셀
2021-03-03,016360,삼성증권
2021-03-03,047810,한국항공우주
2021-03-03,008770,호텔신라
2021-03-03,020150,일진머티리얼즈
2021-03-03,012750,에스원
2021-03-03,006360,GS건설
2021-03-03,005940,NH투자증권
2021-03-03,204320,만도
2021-03-03,036460,한국가스공사
2021-03-03,028670,팬오션
2021-03-03,005830,DB손해보험
2021-03-03,010060,OCI
2021-03-03,088350,한화생명
2021-03-03,007070,GS리테일
2021-03-03,282330,BGF리테일
2021-03-03,004170,신세계
2021-03-03,042660,대우조선해양
2021-03-03,014680,한솔케미칼
2021-03-03,047050,포스코인터내셔널
2021-03-03,001040,CJ
2021-03-03,008560,메리츠증권
2021-03-03,028050,삼성엔지니어링
2021-03-03,000990,DB하이텍
2021-03-03,081660,휠라홀딩스
2021-03-03,047040,대우건설
2021-03-03,000080,하이트진로
2021-03-03,009240,한샘
2021-03-03,006650,대한유화
2021-03-03,272210,한화시스템
2021-03-03,006260,LS
2021-03-03,030000,제일기획
2021-03-03,000880,한화
2021-03-03,003090,대웅
2021-03-03,011210,현대위아
2021-03-03,064350,현대로템
2021-03-03,007700,F&F
2021-03-03,010620,현대미포조선
2021-03-03,375500,DL이앤씨
2021-03-03,007310,오뚜기
2021-03-03,001450,현대해상
2021-03-03,185750,종근당
2021-03-03,138930,BNK금융지주
2021-03-03,069960,현대백화점
2021-03-03,012450,한화에어로스페이스
2021-03-03,111770,영원무역
2021-03-03,002380,KCC
2021-03-03,294870,HDC현대산업개발
2021-03-03,017800,현대엘리베이
2021-03-03,005250,녹십자홀딩스
2021-03-03,010120,LS ELECTRIC
2021-03-03,042670,두산인프라코어
2021-03-03,003000,부광약품
2021-03-03,010780,아이에스동서
2021-03-03,004800,효성
2021-03-03,004370,농심
2021-03-03,000240,한국앤컴퍼니
2021-03-03,069620,대웅제약
2021-03-03,112610,씨에스윈드
2021-03-03,120110,코오롱인더
2021-03-03,032350,롯데관광개발
2021-03-03,001740,SK네트웍스
2021-03-03,031430,신세계인터내셔날
2021-03-03,004000,롯데정밀화학
2021-03-03,013890,지누스
2021-03-03,161890,한국콜마
2021-03-03,014820,동원시스템즈
2021-03-03,000210,DL
2021-03-03,006120,SK디스커버리
2021-03-03,004490,세방전지
2021-03-03,214320,이노션
2021-03-03,051600,한전KPS
2021-03-03,016380,KG동부제철
2021-03-03,003520,영진약품
2021-03-03,009420,한올바이오파마
2021-03-03,073240,금호타이어
2021-03-03,000670,영풍
2021-03-03,003850,보령제약
2021-03-03,020560,아시아나항공
2021-03-03,192820,코스맥스
2021-03-03,001120,LG상사
2021-03-03,003240,태광산업
2021-03-03,192080,더블유게임즈
2021-03-03,005300,롯데칠성
2021-03-03,103140,풍산
2021-03-03,114090,GKL
2021-03-03,007570,일양약품
2021-03-03,079160,CJ CGV
2021-03-03,057050,현대홈쇼핑
2021-03-03,020000,한섬
2021-03-03,241590,화승엔터프라이즈
2021-03-03,064960,S&T모티브
2021-03-03,069260,휴켐스
2021-03-03,093370,후성
2021-03-03,192400,쿠쿠홀딩스
2021-03-03,005440,현대그린푸드
2021-03-03,284740,쿠쿠홈시스
2021-03-03,001800,오리온홀딩스
2021-03-03,071840,롯데하이마트
2021-03-03,001680,대상
2021-03-03,001230,동국제강
2021-03-03,105630,한세실업
2021-03-03,079550,LIG넥스원
2021-03-03,002350,넥센타이어
2021-03-03,000150,두산
2021-03-03,115390,락앤락
2021-03-03,000070,삼양홀딩스
2021-03-03,049770,동원F&B
2021-03-03,052690,한전기술
2021-03-03,018250,애경산업
2021-03-03,003230,삼양식품
2021-03-03,012630,HDC
2021-03-03,006390,한일현대시멘트
2021-03-03,108670,LG하우시스
2021-03-03,001060,JW중외제약
2021-03-03,005610,SPC삼립
2021-03-03,005180,빙그레
2021-03-03,145990,삼양사
2021-03-03,009410,태영건설
2021-03-03,008350,남선알미늄
2021-03-05,005930,삼성전자
2021-03-05,000660,SK하이닉스
2021-03-05,051910,LG화학
2021-03-05,035420,NAVER
2021-03-05,005380,현대차
2021-03-05,207940,삼성바이오로직스
2021-03-05,006400,삼성SDI
2021-03-05,035720,카카오
2021-03-05,068270,셀트리온
2021-03-05,000270,기아차
2021-03-05,012330,현대모비스
2021-03-05,005490,POSCO
2021-03-05,066570,LG전자
2021-03-05,096770,SK이노베이션
2021-03-05,051900,LG생활건강
2021-03-05,028260,삼성물산
2021-03-05,036570,엔씨소프트
2021-03-05,017670,SK텔레콤
2021-03-05,105560,KB금융
2021-03-05,034730,SK
2021-03-05,055550,신한지주
2021-03-05,032830,삼성생명
2021-03-05,003550,LG
2021-03-05,015760,한국전력
2021-03-05,009150,삼성전기
2021-03-05,018260,삼성에스디에스
2021-03-05,090430,아모레퍼시픽
2021-03-05,003670,포스코케미칼
2021-03-05,086790,하나금융지주
2021-03-05,011170,롯데케미칼
2021-03-05,033780,KT&G
2021-03-05,251270,넷마블
2021-03-05,010950,S-Oil
2021-03-05,018880,한온시스템
2021-03-05,000810,삼성화재
2021-03-05,326030,SK바이오팜
2021-03-05,034220,LG디스플레이
2021-03-05,010130,고려아연
2021-03-05,009540,한국조선해양
2021-03-05,352820,빅히트
2021-03-05,086280,현대글로비스
2021-03-05,011780,금호석유
2021-03-05,011200,HMM
2021-03-05,009830,한화솔루션
2021-03-05,316140,우리금융지주
2021-03-05,030200,KT
2021-03-05,024110,기업은행
2021-03-05,097950,CJ제일제당
2021-03-05,006800,미래에셋대우
2021-03-05,161390,한국타이어앤테크놀로지
2021-03-05,004020,현대제철
2021-03-05,035250,강원랜드
2021-03-05,002790,아모레G
2021-03-05,271560,오리온
2021-03-05,032640,LG유플러스
2021-03-05,019170,신풍제약
2021-03-05,139480,이마트
2021-03-05,011070,LG이노텍
2021-03-05,071050,한국금융지주
2021-03-05,003490,대한항공
2021-03-05,021240,코웨이
2021-03-05,000720,현대건설
2021-03-05,006280,녹십자
2021-03-05,011790,SKC
2021-03-05,267250,현대중공업지주
2021-03-05,000100,유한양행
2021-03-05,010140,삼성중공업
2021-03-05,034020,두산중공업
2021-03-05,008930,한미사이언스
2021-03-05,026960,동서
2021-03-05,180640,한진칼
2021-03-10,005930,삼성전자
2021-03-10,000660,SK하이닉스
2021-03-10,051910,LG화학
2021-03-10,035420,NAVER
2021-03-10,005380,현대차
2021-03-10,207940,삼성바이오로직스
2021-03-10,006400,삼성SDI
2021-03-10,035720,카카오
2021-03-10,068270,셀트리온
2021-03-10,000270,기아차
2021-03-10,012330,현대모비스
2021-03-10,005490,POSCO
2021-03-10,066570,LG전자
2021-03-10,051900,LG생활건강
2021-03-10,028260,삼성물산
2021-03-10,105560,KB금융
2021-03-10,096770,SK이노베이션
2021-03-10,036570,엔씨소프트
2021-03-10,017670,SK텔레콤
2021-03-10,055550,신한지주
2021-03-10,034730,SK
2021-03-10,032830,삼성생명
2021-03-10,003550,LG
2021-03-10,015760,한국전력
2021-03-10,018260,삼성에스디에스
2021-03-10,009150,삼성전기
2021-03-10,090430,아모레퍼시픽
2021-03-10,086790,하나금융지주
2021-03-10,003670,포스코케미칼
2021-03-10,033780,KT&G
2021-03-10,011170,롯데케미칼
2021-03-10,251270,넷마블
2021-03-10,010950,S-Oil
2021-03-10,000810,삼성화재
2021-03-10,018880,한온시스템
2021-03-10,326030,SK바이오팜
2021-03-10,009540,한국조선해양
2021-03-10,034220,LG디스플레이
2021-03-10,010130,고려아연
2021-03-10,316140,우리금융지주
2021-03-10,352820,빅히트
2021-03-10,086280,현대글로비스
2021-03-10,030200,KT
2021-03-10,009830,한화솔루션
2021-03-10,024110,기업은행
2021-03-10,011200,HMM
2021-03-10,011780,금호석유
2021-03-10,006800,미래에셋대우
2021-03-10,097950,CJ제일제당
2021-03-10,004020,현대제철
2021-03-10,161390,한국타이어앤테크놀로지
2021-03-10,035250,강원랜드
2021-03-10,002790,아모레G
2021-03-10,032640,LG유플러스
2021-03-10,019170,신풍제약
2021-03-10,271560,오리온
2021-03-10,021240,코웨이
2021-03-10,139480,이마트
2021-03-10,011070,LG이노텍
2021-03-10,003490,대한항공
2021-03-10,071050,한국금융지주
2021-03-10,000720,현대건설
2021-03-10,267250,현대중공업지주
2021-03-10,011790,SKC
2021-03-10,000100,유한양행
2021-03-10,010140,삼성중공업
2021-03-10,034020,두산중공업
2021-03-10,008930,한미사이언스
2021-03-10,006280,녹십자
2021-03-10,180640,한진칼
2021-03-10,029780,삼성카드
2021-03-10,000120,CJ대한통운
2021-03-10,023530,롯데쇼핑
2021-03-10,128940,한미약품
2021-03-10,078930,GS
2021-03-10,004990,롯데지주
2021-03-10,003410,쌍용양회
2021-03-10,285130,SK케미칼
2021-03-10,241560,두산밥캣
2021-03-10,016360,삼성증권
2021-03-10,008770,호텔신라
2021-03-10,006360,GS건설
2021-03-10,047810,한국항공우주
2021-03-10,012750,에스원
2021-03-10,005830,DB손해보험
2021-03-10,005940,NH투자증권
2021-03-10,028670,팬오션
2021-03-10,039490,키움증권
2021-03-10,336260,두산퓨얼셀
2021-03-10,036460,한국가스공사
2021-03-10,026960,동서
2021-03-10,282330,BGF리테일
2021-03-10,020150,일진머티리얼즈
2021-03-10,010060,OCI
2021-03-10,088350,한화생명
2021-03-10,004170,신세계
2021-03-10,007070,GS리테일
2021-03-10,204320,만도
2021-03-10,042660,대우조선해양
2021-03-10,008560,메리츠증권
2021-03-10,047050,포스코인터내셔널
2021-03-10,028050,삼성엔지니어링
2021-03-10,001040,CJ
2021-03-10,000080,하이트진로
2021-03-10,112610,씨에스윈드
2021-03-10,081660,휠라홀딩스
2021-03-10,014680,한솔케미칼
2021-03-10,009240,한샘
2021-03-10,030000,제일기획
2021-03-10,010620,현대미포조선
2021-03-10,047040,대우건설
2021-03-10,000990,DB하이텍
2021-03-10,064350,현대로템
2021-03-10,375500,DL이앤씨
2021-03-10,006650,대한유화
2021-03-10,011210,현대위아
2021-03-10,138930,BNK금융지주
2021-03-10,007310,오뚜기
2021-03-10,000880,한화
2021-03-10,001450,현대해상
2021-03-10,069960,현대백화점
2021-03-10,007700,F&F
2021-03-10,006260,LS
2021-03-10,272210,한화시스템
2021-03-10,003090,대웅
2021-03-10,012450,한화에어로스페이스
2021-03-10,185750,종근당
2021-03-10,294870,HDC현대산업개발
2021-03-10,002380,KCC
2021-03-10,017800,현대엘리베이
2021-03-10,111770,영원무역
2021-03-10,010120,LS ELECTRIC
2021-03-10,004370,농심
2021-03-10,042670,두산인프라코어
2021-03-10,004800,효성
2021-03-10,010780,아이에스동서
2021-03-10,005250,녹십자홀딩스
2021-03-10,000240,한국앤컴퍼니
2021-03-10,003000,부광약품
2021-03-10,031430,신세계인터내셔날
2021-03-10,069620,대웅제약
2021-03-10,120110,코오롱인더
2021-03-10,032350,롯데관광개발
2021-03-10,004000,롯데정밀화학
2021-03-10,161890,한국콜마
2021-03-10,013890,지누스
2021-03-10,001740,SK네트웍스
2021-03-10,016380,KG동부제철
2021-03-10,051600,한전KPS
2021-03-10,000210,DL
2021-03-10,214320,이노션
2021-03-10,014820,동원시스템즈
2021-03-10,009420,한올바이오파마
2021-03-10,000670,영풍
2021-03-10,192820,코스맥스
2021-03-10,073240,금호타이어
2021-03-10,004490,세방전지
2021-03-10,020560,아시아나항공
2021-03-10,005300,롯데칠성
2021-03-10,003520,영진약품
2021-03-10,006120,SK디스커버리
2021-03-10,114090,GKL
2021-03-10,003850,보령제약
2021-03-10,001120,LG상사
2021-03-10,241590,화승엔터프라이즈
2021-03-10,192080,더블유게임즈
2021-03-10,003240,태광산업
2021-03-10,079160,CJ CGV
2021-03-10,192400,쿠쿠홀딩스
2021-03-10,103140,풍산
2021-03-10,005440,현대그린푸드
2021-03-10,001230,동국제강
2021-03-10,020000,한섬
2021-03-10,057050,현대홈쇼핑
2021-03-10,069260,휴켐스
2021-03-10,284740,쿠쿠홈시스
2021-03-10,093370,후성
2021-03-10,071840,롯데하이마트
2021-03-10,001800,오리온홀딩스
2021-03-10,001680,대상
2021-03-10,064960,S&T모티브
2021-03-10,105630,한세실업
2021-03-10,000150,두산
2021-03-10,079550,LIG넥스원
2021-03-10,115390,락앤락
2021-03-10,000070,삼양홀딩스
2021-03-10,002350,넥센타이어
2021-03-10,052690,한전기술
2021-03-10,049770,동원F&B
2021-03-10,018250,애경산업
2021-03-10,003230,삼양식품
2021-03-10,012630,HDC
2021-03-10,108670,LG하우시스
2021-03-10,006390,한일현대시멘트
2021-03-10,001060,JW중외제약
2021-03-10,007570,일양약품
2021-03-10,005610,SPC삼립
2021-03-10,145990,삼양사
2021-03-10,005180,빙그레
2021-03-10,008350,남선알미늄
2021-03-10,009410,태영건설
2021-03-13,005930,삼성전자
2021-03-13,000660,SK하이닉스
2021-03-13,051910,LG화학
2021-03-13,035420,NAVER
2021-03-13,005380,현대차
2021-03-13,207940,삼성바이오로직스
2021-03-13,006400,삼성SDI
2021-03-13,035720,카카오
2021-03-13,068270,셀트리온
2021-03-13,000270,기아차
2021-03-13,012330,현대모비스
2021-03-13,005490,POSCO
2021-03-13,066570,LG전자
2021-03-13,051900,LG생활건강
2021-03-13,028260,삼성물산
2021-03-13,096770,SK이노베이션
2021-03-13,105560,KB금융
2021-03-13,017670,SK텔레콤
2021-03-13,036570,엔씨소프트
2021-03-13,034730,SK
2021-03-13,055550,신한지주
2021-03-13,003550,LG
2021-03-13,032830,삼성생명
2021-03-13,015760,한국전력
2021-03-13,018260,삼성에스디에스
2021-03-13,009150,삼성전기
2021-03-13,090430,아모레퍼시픽
2021-03-13,086790,하나금융지주
2021-03-13,003670,포스코케미칼
2021-03-13,033780,KT&G
2021-03-13,251270,넷마블
2021-03-13,011170,롯데케미칼
2021-03-13,010950,S-Oil
2021-03-13,018880,한온시스템
2021-03-13,000810,삼성화재
2021-03-13,326030,SK바이오팜
2021-03-13,009540,한국조선해양
2021-03-13,034220,LG디스플레이
2021-03-13,352820,빅히트
2021-03-13,010130,고려아연
2021-03-13,086280,현대글로비스
2021-03-13,316140,우리금융지주
2021-03-13,011200,HMM
2021-03-13,009830,한화솔루션
2021-03-13,030200,KT
2021-03-13,011780,금호석유
2021-03-13,024110,기업은행
2021-03-13,006800,미래에셋대우
2021-03-13,097950,CJ제일제당
2021-03-13,004020,현대제철
2021-03-13,161390,한국타이어앤테크놀로지
2021-03-13,035250,강원랜드
2021-03-13,271560,오리온
2021-03-13,032640,LG유플러스
2021-03-13,002790,아모레G
2021-03-13,011070,LG이노텍
2021-03-13,139480,이마트
2021-03-13,021240,코웨이
2021-03-13,071050,한국금융지주
2021-03-13,019170,신풍제약
2021-03-13,003490,대한항공
2021-03-13,000720,현대건설
2021-03-13,267250,현대중공업지주
2021-03-13,011790,SKC
2021-03-13,034020,두산중공업
2021-03-13,000100,유한양행
2021-03-13,010140,삼성중공업
2021-03-13,008930,한미사이언스
2021-03-13,006280,녹십자
2021-03-13,029780,삼성카드
2021-03-13,180640,한진칼
2021-03-13,000120,CJ대한통운
2021-03-13,128940,한미약품
2021-03-13,078930,GS
2021-03-13,023530,롯데쇼핑
2021-03-13,241560,두산밥캣
2021-03-13,285130,SK케미칼
2021-03-13,004990,롯데지주
2021-03-13,016360,삼성증권
2021-03-13,028670,팬오션
2021-03-13,047810,한국항공우주
2021-03-13,003410,쌍용양회
2021-03-13,006360,GS건설
2021-03-13,039490,키움증권
2021-03-13,008770,호텔신라
2021-03-13,336260,두산퓨얼셀
2021-03-13,005940,NH투자증권
2021-03-13,026960,동서
2021-03-13,204320,만도
2021-03-13,020150,일진머티리얼즈
2021-03-13,012750,에스원
2021-03-13,005830,DB손해보험
2021-03-13,112610,씨에스윈드
2021-03-13,282330,BGF리테일
2021-03-13,010060,OCI
2021-03-13,036460,한국가스공사
2021-03-13,008560,메리츠증권
2021-03-13,042660,대우조선해양
2021-03-13,007070,GS리테일
2021-03-13,004170,신세계
2021-03-13,001040,CJ
2021-03-13,047050,포스코인터내셔널
2021-03-13,088350,한화생명
2021-03-13,028050,삼성엔지니어링
2021-03-13,081660,휠라홀딩스
2021-03-13,014680,한솔케미칼
2021-03-13,000080,하이트진로
2021-03-13,047040,대우건설
2021-03-13,030000,제일기획
2021-03-13,009240,한샘
2021-03-13,010620,현대미포조선
2021-03-13,000990,DB하이텍
2021-03-13,375500,DL이앤씨
2021-03-13,064350,현대로템
2021-03-13,011210,현대위아
2021-03-13,000880,한화
2021-03-13,007700,F&F
2021-03-13,007310,오뚜기
2021-03-13,006260,LS
2021-03-13,272210,한화시스템
2021-03-13,001450,현대해상
2021-03-13,138930,BNK금융지주
2021-03-13,012450,한화에어로스페이스
2021-03-13,006650,대한유화
2021-03-13,069960,현대백화점
2021-03-13,003090,대웅
2021-03-13,017800,현대엘리베이
2021-03-13,002380,KCC
2021-03-13,294870,HDC현대산업개발
2021-03-13,185750,종근당
2021-03-13,010120,LS ELECTRIC
2021-03-13,042670,두산인프라코어
2021-03-13,111770,영원무역
2021-03-13,004800,효성
2021-03-13,004370,농심
2021-03-13,010780,아이에스동서
2021-03-13,000240,한국앤컴퍼니
2021-03-13,005250,녹십자홀딩스
2021-03-13,003000,부광약품
2021-03-13,120110,코오롱인더
2021-03-13,069620,대웅제약
2021-03-13,031430,신세계인터내셔날
2021-03-13,001740,SK네트웍스
2021-03-13,004000,롯데정밀화학
2021-03-13,032350,롯데관광개발
2021-03-13,161890,한국콜마
2021-03-13,016380,KG동부제철
2021-03-13,014820,동원시스템즈
2021-03-13,051600,한전KPS
2021-03-13,013890,지누스
2021-03-13,009420,한올바이오파마
2021-03-13,214320,이노션
2021-03-13,000210,DL
2021-03-13,006120,SK디스커버리
2021-03-13,192820,코스맥스
2021-03-13,003520,영진약품
2021-03-13,001120,LG상사
2021-03-13,004490,세방전지
2021-03-13,020560,아시아나항공
2021-03-13,073240,금호타이어
2021-03-13,000670,영풍
2021-03-13,003850,보령제약
2021-03-13,005300,롯데칠성
2021-03-13,114090,GKL
2021-03-13,003240,태광산업
2021-03-13,192080,더블유게임즈
2021-03-13,241590,화승엔터프라이즈
2021-03-13,079160,CJ CGV
2021-03-13,001230,동국제강
2021-03-13,192400,쿠쿠홀딩스
2021-03-13,069260,휴켐스
2021-03-13,093370,후성
2021-03-13,005440,현대그린푸드
2021-03-13,064960,SNT모티브
2021-03-13,057050,현대홈쇼핑
2021-03-13,103140,풍산
2021-03-13,020000,한섬
2021-03-13,071840,롯데하이마트
2021-03-13,284740,쿠쿠홈시스
2021-03-13,001800,오리온홀딩스
2021-03-13,001680,대상
2021-03-13,079550,LIG넥스원
2021-03-13,000150,두산
2021-03-13,105630,한세실업
2021-03-13,115390,락앤락
2021-03-13,052690,한전기술
2021-03-13,000070,삼양홀딩스
2021-03-13,002350,넥센타이어
2021-03-13,049770,동원F&B
2021-03-13,007570,일양약품
2021-03-13,018250,애경산업
2021-03-13,003230,삼양식품
2021-03-13,108670,LG하우시스
2021-03-13,006390,한일현대시멘트
2021-03-13,012630,HDC
2021-03-13,001060,JW중외제약
2021-03-13,005610,SPC삼립
2021-03-13,145990,삼양사
2021-03-13,005180,빙그레
2021-03-13,008350,남선알미늄
2021-03-13,009410,태영건설
